Race,Driver,Compound,Stint,StintLength,AvgPace,FirstThreeAvg,LastThreeAvg,PaceDropoff,DegradationRate
abu_dhabi,ALB,SOFT,1.0,8,91.937,93.89699999999999,90.87233333333334,-3.024666666666647,-0.3780833333333309
abu_dhabi,ALB,HARD,2.0,25,90.98788,96.18033333333334,90.88,-5.300333333333342,-0.21201333333333366
abu_dhabi,ALB,MEDIUM,3.0,25,89.70412,95.30133333333333,89.13999999999999,-6.161333333333346,-0.24645333333333383
abu_dhabi,ALO,MEDIUM,1.0,16,90.5725625,91.81166666666667,90.677,-1.1346666666666607,-0.0709166666666663
abu_dhabi,ALO,HARD,2.0,42,90.1397619047619,97.11766666666665,89.04633333333334,-8.071333333333314,-0.19217460317460272
abu_dhabi,ANT,HARD,1.0,32,91.18765625,94.31099999999999,91.67333333333333,-2.637666666666661,-0.08242708333333315
abu_dhabi,ANT,MEDIUM,2.0,26,89.76396153846153,95.69066666666667,89.69200000000001,-5.998666666666665,-0.23071794871794865
abu_dhabi,BEA,MEDIUM,1.0,14,91.33385714285714,93.293,91.58166666666666,-1.711333333333343,-0.12223809523809592
abu_dhabi,BEA,HARD,2.0,44,90.11275000000002,96.45833333333333,89.81533333333334,-6.6429999999999865,-0.15097727272727243
abu_dhabi,BOR,MEDIUM,1.0,15,90.73813333333334,92.24466666666667,90.77833333333332,-1.4663333333333526,-0.09775555555555684
abu_dhabi,BOR,HARD,2.0,43,90.40558139534883,96.72500000000001,90.03766666666667,-6.687333333333342,-0.15551937984496145
abu_dhabi,COL,MEDIUM,1.0,15,91.91440000000001,95.01666666666667,91.85366666666668,-3.1629999999999825,-0.2108666666666655
abu_dhabi,COL,HARD,2.0,25,91.03084000000001,97.02133333333332,92.12333333333333,-4.897999999999982,-0.1959199999999993
abu_dhabi,COL,MEDIUM,3.0,17,89.82264705882352,95.342,89.408,-5.9339999999999975,-0.34905882352941164
abu_dhabi,GAS,MEDIUM,1.0,13,91.94023076923077,94.71833333333332,92.15500000000002,-2.563333333333304,-0.19717948717948494
abu_dhabi,GAS,HARD,2.0,27,90.8437777777778,96.97666666666665,91.01899999999999,-5.957666666666654,-0.22065432098765386
abu_dhabi,GAS,MEDIUM,3.0,17,89.7865882352941,95.72066666666666,89.20800000000001,-6.512666666666647,-0.3830980392156851
abu_dhabi,HAD,MEDIUM,1.0,14,91.06357142857144,92.43733333333334,91.48533333333334,-0.9519999999999982,-0.06799999999999987
abu_dhabi,HAD,HARD,2.0,43,90.5559534883721,96.742,90.00966666666666,-6.732333333333344,-0.15656589147286845
abu_dhabi,HAM,SOFT,1.0,8,91.80687499999999,93.43366666666667,91.01400000000001,-2.4196666666666573,-0.30245833333333216
abu_dhabi,HAM,HARD,2.0,23,90.68891304347825,95.34633333333333,90.354,-4.992333333333335,-0.2170579710144928
abu_dhabi,HAM,MEDIUM,3.0,27,89.62366666666667,95.51966666666665,89.38533333333334,-6.134333333333316,-0.2271975308641969
abu_dhabi,HUL,SOFT,1.0,7,92.413,94.43833333333333,91.00099999999999,-3.437333333333342,-0.4910476190476203
abu_dhabi,HUL,HARD,2.0,35,90.59914285714285,95.32233333333333,90.78066666666666,-4.541666666666671,-0.12976190476190488
abu_dhabi,HUL,MEDIUM,3.0,16,89.28887499999999,94.01400000000001,88.77733333333333,-5.236666666666679,-0.3272916666666674
abu_dhabi,LAW,MEDIUM,1.0,21,91.4724761904762,93.098,93.17066666666666,0.0726666666666631,0.003460317460317291
abu_dhabi,LAW,HARD,2.0,36,90.31127777777778,98.948,89.139,-9.808999999999997,-0.27247222222222217
abu_dhabi,LEC,MEDIUM,1.0,16,90.2901875,91.464,90.68066666666668,-0.7833333333333172,-0.04895833333333233
abu_dhabi,LEC,HARD,2.0,23,89.69130434782609,96.53899999999999,88.91366666666666,-7.62533333333333,-0.33153623188405784
abu_dhabi,LEC,MEDIUM,3.0,19,88.58973684210525,94.52366666666667,87.96733333333334,-6.556333333333328,-0.3450701754385962
abu_dhabi,NOR,MEDIUM,1.0,16,90.14337499999999,91.235,90.45766666666667,-0.7773333333333312,-0.0485833333333332
abu_dhabi,NOR,HARD,2.0,24,89.45920833333332,96.65266666666666,88.71166666666666,-7.9410000000000025,-0.3308750000000001
abu_dhabi,NOR,HARD,3.0,18,88.59588888888888,94.762,88.54933333333334,-6.212666666666664,-0.345148148148148
abu_dhabi,OCO,MEDIUM,1.0,19,91.06157894736842,92.62666666666667,91.67466666666667,-0.9519999999999982,-0.05010526315789464
abu_dhabi,OCO,HARD,2.0,39,89.9275641025641,95.76533333333333,88.72466666666666,-7.040666666666667,-0.18052991452991454
abu_dhabi,PIA,HARD,1.0,41,89.57778048780489,90.74833333333333,90.45700000000001,-0.291333333333327,-0.007105691056910415
abu_dhabi,PIA,MEDIUM,2.0,17,88.66905882352941,94.16699999999999,88.15933333333334,-6.007666666666651,-0.35339215686274417
abu_dhabi,RUS,MEDIUM,1.0,14,90.55557142857141,92.04966666666667,90.74533333333333,-1.3043333333333322,-0.09316666666666659
abu_dhabi,RUS,HARD,2.0,44,89.73304545454546,96.04533333333332,88.76233333333333,-7.282999999999987,-0.165522727272727
abu_dhabi,SAI,MEDIUM,1.0,18,91.40522222222222,93.70433333333334,92.18533333333335,-1.5189999999999912,-0.0843888888888884
abu_dhabi,SAI,HARD,2.0,40,90.108325,95.90533333333333,90.07166666666666,-5.833666666666673,-0.1458416666666668
abu_dhabi,STR,HARD,1.0,42,90.72623809523809,94.07033333333334,90.87666666666667,-3.1936666666666724,-0.07603968253968267
abu_dhabi,STR,MEDIUM,2.0,16,89.46812499999999,94.93599999999999,88.36333333333333,-6.572666666666663,-0.41079166666666644
abu_dhabi,TSU,HARD,1.0,32,90.80821875000001,92.87933333333332,90.87,-2.0093333333333163,-0.06279166666666613
abu_dhabi,TSU,MEDIUM,2.0,26,90.20769230769231,97.52533333333334,89.75466666666667,-7.770666666666671,-0.29887179487179505
abu_dhabi,VER,MEDIUM,1.0,23,89.713,90.11633333333334,90.01633333333332,-0.10000000000002274,-0.004347826086957511
abu_dhabi,VER,HARD,2.0,35,88.6877142857143,95.30933333333333,88.62533333333333,-6.6839999999999975,-0.1909714285714285
australian,ALB,INTERMEDIATE,4.0,29,97.62693103448278,136.92033333333333,96.806,-40.114333333333335,-1.3832528735632184
australian,ALB,MEDIUM,5.0,11,117.06390909090909,117.73200000000001,92.353,-25.37900000000002,-2.30718181818182
australian,ALB,INTERMEDIATE,6.0,13,107.78692307692306,104.95266666666667,90.181,-14.771666666666675,-1.136282051282052
australian,ALO,INTERMEDIATE,4.0,28,97.13664285714285,135.756,89.01433333333334,-46.74166666666666,-1.6693452380952378
australian,ANT,INTERMEDIATE,4.0,29,97.50810344827585,134.562,96.97066666666666,-37.59133333333335,-1.296252873563219
australian,ANT,HARD,5.0,11,116.73263636363639,116.30700000000002,93.56066666666668,-22.74633333333334,-2.0678484848484855
australian,ANT,INTERMEDIATE,6.0,13,107.16461538461537,104.041,89.13366666666667,-14.907333333333327,-1.1467179487179482
australian,BEA,INTERMEDIATE,4.0,34,103.28420588235294,129.893,134.00199999999998,4.1089999999999804,0.12085294117647001
australian,BEA,INTERMEDIATE,6.0,13,103.03430769230769,115.28966666666668,90.68766666666666,-24.602000000000018,-1.8924615384615397
australian,BOR,INTERMEDIATE,4.0,29,98.85641379310346,134.25300000000001,103.53399999999999,-30.719000000000023,-1.0592758620689664
australian,BOR,MEDIUM,5.0,10,110.17269999999999,132.541,93.848,-38.693,-3.8693
australian,GAS,INTERMEDIATE,4.0,29,97.65206896551723,136.01500000000001,96.66066666666667,-39.354333333333344,-1.3570459770114947
australian,GAS,HARD,5.0,13,113.63046153846153,117.40000000000002,99.12333333333333,-18.276666666666685,-1.4058974358974372
australian,GAS,INTERMEDIATE,6.0,11,110.97972727272726,131.06466666666665,91.498,-39.56666666666665,-3.5969696969696954
australian,HAM,INTERMEDIATE,4.0,29,97.62713793103448,136.56266666666667,97.045,-39.51766666666667,-1.3626781609195404
australian,HAM,HARD,5.0,13,112.32684615384616,117.57233333333333,93.07099999999998,-24.50133333333335,-1.88471794871795
australian,HAM,INTERMEDIATE,6.0,10,108.5942,133.62966666666668,90.79566666666666,-42.83400000000002,-4.283400000000002
australian,HUL,INTERMEDIATE,4.0,29,98.6745172413793,134.76166666666666,101.94099999999999,-32.82066666666667,-1.1317471264367815
australian,HUL,MEDIUM,5.0,11,113.83818181818182,109.18433333333333,93.13699999999999,-16.04733333333334,-1.4588484848484855
australian,HUL,INTERMEDIATE,6.0,13,107.76669230769228,104.50866666666666,90.55233333333332,-13.956333333333333,-1.0735641025641025
australian,LAW,INTERMEDIATE,4.0,29,98.758,131.70600000000002,104.58366666666666,-27.12233333333336,-0.9352528735632193
australian,LAW,MEDIUM,5.0,12,105.06908333333331,130.24833333333333,94.54433333333333,-35.70400000000001,-2.975333333333334
australian,LEC,INTERMEDIATE,4.0,30,97.8929666666667,138.21866666666668,105.73599999999999,-32.48266666666669,-1.0827555555555564
australian,LEC,HARD,5.0,12,113.80633333333334,125.83366666666667,94.68700000000001,-31.14666666666666,-2.595555555555555
australian,LEC,INTERMEDIATE,6.0,10,107.75319999999999,132.86766666666665,90.24666666666667,-42.62099999999998,-4.2620999999999984
australian,NOR,INTERMEDIATE,4.0,30,96.3685666666667,140.393,99.18933333333332,-41.20366666666668,-1.3734555555555559
australian,NOR,HARD,5.0,9,119.54111111111112,133.78366666666668,90.517,-43.26666666666668,-4.807407407407409
australian,NOR,INTERMEDIATE,6.0,13,107.51338461538461,100.56733333333334,88.10566666666666,-12.461666666666673,-0.9585897435897441
australian,OCO,INTERMEDIATE,4.0,34,103.30917647058824,131.51066666666668,132.42366666666666,0.9129999999999825,0.026852941176470073
australian,OCO,MEDIUM,5.0,7,99.74585714285715,92.71266666666666,110.526,17.813333333333333,2.544761904761905
australian,OCO,INTERMEDIATE,6.0,11,104.31627272727273,111.795,91.699,-20.096000000000004,-1.8269090909090913
australian,PIA,INTERMEDIATE,4.0,30,96.52076666666669,139.53233333333333,101.54333333333334,-37.98899999999999,-1.2662999999999998
australian,PIA,HARD,5.0,8,120.257375,131.295,100.45933333333333,-30.835666666666654,-3.8544583333333318
australian,PIA,INTERMEDIATE,6.0,13,102.30023076923077,109.79200000000002,89.37566666666667,-20.41633333333334,-1.5704871794871802
australian,RUS,INTERMEDIATE,4.0,30,97.6904,138.62699999999998,105.144,-33.482999999999976,-1.1160999999999992
australian,RUS,HARD,5.0,9,115.78522222222222,123.053,92.51400000000001,-30.538999999999987,-3.393222222222221
australian,RUS,INTERMEDIATE,6.0,13,107.53484615384615,103.54633333333334,89.54899999999999,-13.997333333333344,-1.0767179487179495
australian,STR,INTERMEDIATE,4.0,29,98.38765517241382,135.35633333333334,101.5,-33.85633333333334,-1.1674597701149427
australian,STR,HARD,5.0,11,114.55945454545454,110.10166666666665,92.52566666666667,-17.57599999999998,-1.59781818181818
australian,STR,INTERMEDIATE,6.0,13,107.88815384615387,105.09833333333334,90.55566666666665,-14.54266666666669,-1.1186666666666685
australian,TSU,INTERMEDIATE,4.0,29,97.67406896551724,137.42433333333335,97.075,-40.34933333333335,-1.391356321839081
australian,TSU,MEDIUM,5.0,13,112.87684615384615,116.17966666666666,95.07100000000001,-21.10866666666665,-1.6237435897435886
australian,TSU,INTERMEDIATE,6.0,10,108.59400000000001,132.98366666666666,91.64200000000001,-41.341666666666654,-4.134166666666665
australian,VER,INTERMEDIATE,4.0,30,97.12989999999999,139.90333333333334,101.61733333333335,-38.28599999999999,-1.2761999999999996
australian,VER,MEDIUM,5.0,11,112.33045454545454,126.25066666666665,97.423,-28.827666666666644,-2.6206969696969677
australian,VER,INTERMEDIATE,6.0,11,109.83245454545455,131.50366666666665,87.95300000000002,-43.55066666666663,-3.9591515151515115
austrian,ALB,MEDIUM,1.0,13,79.52061538461537,106.32033333333334,72.29566666666666,-34.024666666666675,-2.617282051282052
austrian,ALO,MEDIUM,1.0,33,75.01863636363638,106.72066666666666,73.265,-33.45566666666666,-1.0138080808080805
austrian,ALO,HARD,2.0,36,70.93097222222222,76.55499999999999,71.30066666666667,-5.254333333333321,-0.14595370370370336
austrian,BEA,SOFT,1.0,11,81.36736363636363,106.93033333333334,72.35066666666667,-34.57966666666667,-3.1436060606060607
austrian,BEA,HARD,2.0,28,72.17975,76.65233333333333,72.19433333333333,-4.457999999999998,-0.15921428571428567
austrian,BEA,MEDIUM,3.0,30,71.21576666666667,76.19333333333333,71.21666666666668,-4.976666666666645,-0.16588888888888817
austrian,BOR,MEDIUM,1.0,21,76.61404761904761,106.43866666666668,72.78033333333333,-33.658333333333346,-1.6027777777777783
austrian,BOR,MEDIUM,2.0,28,71.58167857142857,76.87,72.18933333333332,-4.680666666666681,-0.16716666666666719
austrian,BOR,HARD,3.0,20,70.82315000000001,76.209,71.29233333333333,-4.916666666666671,-0.24583333333333357
austrian,COL,SOFT,1.0,13,80.13207692307694,106.82266666666668,73.50833333333333,-33.31433333333335,-2.5626410256410272
austrian,COL,MEDIUM,2.0,26,72.61707692307692,77.141,73.22066666666666,-3.920333333333346,-0.15078205128205177
austrian,COL,HARD,3.0,30,71.18746666666668,75.83866666666667,70.57366666666667,-5.265000000000001,-0.17550000000000002
austrian,GAS,SOFT,1.0,12,80.45316666666666,106.20766666666667,73.02433333333333,-33.18333333333334,-2.765277777777778
austrian,GAS,HARD,2.0,26,72.40738461538461,76.88266666666668,72.83866666666667,-4.044000000000011,-0.15553846153846196
austrian,GAS,MEDIUM,3.0,31,71.378,76.532,71.45966666666668,-5.072333333333319,-0.163623655913978
austrian,HAD,MEDIUM,2.0,26,73.31519230769231,82.762,73.12533333333333,-9.63666666666667,-0.3706410256410258
austrian,HAD,HARD,3.0,41,71.46465853658536,76.56266666666669,71.405,-5.157666666666685,-0.12579674796748014
austrian,HAM,MEDIUM,1.0,26,75.12676923076923,105.931,72.41133333333333,-33.519666666666666,-1.2892179487179487
austrian,HAM,HARD,2.0,24,70.97425,75.97000000000001,72.053,-3.917000000000016,-0.16320833333333398
austrian,HAM,MEDIUM,3.0,20,70.00175000000002,74.49,69.479,-5.010999999999996,-0.2505499999999998
austrian,HUL,SOFT,1.0,12,80.87583333333333,107.63499999999999,72.58033333333333,-35.05466666666666,-2.9212222222222217
austrian,HUL,MEDIUM,2.0,30,71.69513333333333,76.53566666666667,72.07600000000001,-4.459666666666664,-0.14865555555555546
austrian,HUL,MEDIUM,3.0,27,70.89070370370371,75.91600000000001,70.33699999999999,-5.579000000000022,-0.20662962962963044
austrian,LAW,MEDIUM,1.0,32,75.05012500000001,106.57766666666667,73.02999999999999,-33.547666666666686,-1.048364583333334
austrian,LAW,HARD,2.0,38,70.89060526315791,76.95766666666667,70.46666666666665,-6.491000000000014,-0.1708157894736846
austrian,LEC,MEDIUM,1.0,25,75.1596,105.77566666666667,72.56400000000001,-33.21166666666666,-1.3284666666666665
austrian,LEC,HARD,2.0,24,70.76275,76.29866666666668,71.17666666666668,-5.122,-0.21341666666666667
austrian,LEC,MEDIUM,3.0,21,70.01033333333335,75.43466666666667,69.145,-6.289666666666676,-0.29950793650793694
austrian,NOR,MEDIUM,1.0,20,75.76939999999999,105.43633333333334,71.938,-33.498333333333335,-1.6749166666666668
austrian,NOR,HARD,2.0,32,70.48106250000001,75.916,71.48833333333333,-4.427666666666667,-0.13836458333333335
austrian,NOR,MEDIUM,3.0,18,69.8283888888889,74.82366666666667,69.57833333333332,-5.245333333333349,-0.2914074074074083
austrian,OCO,MEDIUM,1.0,19,77.48878947368422,107.24233333333335,72.99466666666667,-34.247666666666674,-1.802508771929825
austrian,OCO,HARD,2.0,31,71.53270967741935,76.705,72.11633333333333,-4.5886666666666684,-0.14802150537634415
austrian,OCO,HARD,3.0,19,70.94094736842106,75.62833333333333,70.15033333333334,-5.477999999999994,-0.2883157894736839
austrian,PIA,MEDIUM,1.0,24,75.023375,105.617,72.305,-33.312,-1.388
austrian,PIA,HARD,2.0,29,70.4568275862069,75.901,71.05533333333334,-4.845666666666659,-0.16709195402298824
austrian,PIA,MEDIUM,3.0,17,69.79876470588235,74.38266666666668,69.841,-4.541666666666686,-0.26715686274509914
austrian,RUS,MEDIUM,1.0,18,77.28644444444444,106.05799999999999,72.94366666666666,-33.114333333333335,-1.8396851851851852
austrian,RUS,MEDIUM,2.0,27,71.60333333333334,76.741,71.85266666666666,-4.888333333333335,-0.18104938271604945
austrian,RUS,HARD,3.0,25,70.62572,75.24766666666666,70.04766666666666,-5.200000000000003,-0.2080000000000001
austrian,STR,MEDIUM,1.0,26,76.41357692307693,107.09400000000001,74.81866666666666,-32.27533333333335,-1.241358974358975
austrian,STR,HARD,2.0,27,71.90155555555556,76.76933333333334,72.70766666666667,-4.061666666666667,-0.15043209876543212
austrian,STR,SOFT,3.0,16,70.87875,75.29133333333333,69.89766666666667,-5.393666666666661,-0.3371041666666663
austrian,TSU,MEDIUM,1.0,18,77.95616666666666,107.43666666666667,73.02966666666667,-34.407,-1.9114999999999998
austrian,TSU,HARD,2.0,12,73.10525,76.693,74.029,-2.6640000000000015,-0.22200000000000011
austrian,TSU,MEDIUM,3.0,30,71.76906666666667,79.39533333333333,71.76266666666668,-7.632666666666651,-0.2544222222222217
austrian,TSU,SOFT,4.0,8,74.64075,80.23066666666666,71.24900000000001,-8.981666666666655,-1.1227083333333319
azerbaijan,ALB,MEDIUM,2.0,11,109.04400000000001,111.09033333333333,108.84766666666667,-2.242666666666665,-0.20387878787878772
azerbaijan,ALB,HARD,3.0,36,106.13883333333334,112.54766666666666,104.45133333333332,-8.096333333333334,-0.22489814814814815
azerbaijan,ALO,MEDIUM,1.0,18,109.99050000000001,122.64133333333335,108.153,-14.488333333333344,-0.804907407407408
azerbaijan,ALO,HARD,2.0,30,106.79989999999998,114.379,105.19599999999998,-9.183000000000021,-0.3061000000000007
azerbaijan,ANT,MEDIUM,1.0,15,108.78080000000001,116.37400000000001,107.38766666666668,-8.986333333333334,-0.599088888888889
azerbaijan,ANT,HARD,2.0,33,105.56251515151516,111.90533333333333,104.70533333333333,-7.200000000000003,-0.21818181818181825
azerbaijan,BEA,HARD,1.0,25,109.74872,124.83666666666666,108.33,-16.50666666666666,-0.6602666666666664
azerbaijan,BEA,MEDIUM,2.0,23,105.77260869565217,110.72233333333332,105.02533333333334,-5.6969999999999885,-0.24769565217391254
azerbaijan,BOR,HARD,1.0,23,109.21852173913045,122.91099999999999,108.01966666666668,-14.891333333333307,-0.6474492753623177
azerbaijan,BOR,MEDIUM,2.0,25,106.43972,112.33733333333333,105.58033333333333,-6.757000000000005,-0.2702800000000002
azerbaijan,COL,MEDIUM,1.0,13,111.89600000000002,123.73299999999999,109.08800000000001,-14.644999999999982,-1.1265384615384602
azerbaijan,COL,HARD,2.0,34,107.61749999999999,117.04033333333332,107.38133333333333,-9.658999999999992,-0.2840882352941174
azerbaijan,GAS,HARD,1.0,32,109.425875,125.27133333333332,108.04833333333333,-17.222999999999985,-0.5382187499999995
azerbaijan,GAS,MEDIUM,2.0,15,107.48253333333332,111.931,106.43400000000001,-5.496999999999986,-0.3664666666666657
azerbaijan,HAD,MEDIUM,1.0,26,108.5186153846154,120.51733333333334,107.31866666666667,-13.198666666666668,-0.5076410256410256
azerbaijan,HAD,HARD,2.0,22,105.38045454545454,111.03033333333333,104.13266666666665,-6.89766666666668,-0.31353030303030366
azerbaijan,HAM,HARD,1.0,33,107.74236363636363,121.67433333333334,106.617,-15.057333333333332,-0.45628282828282823
azerbaijan,HAM,MEDIUM,2.0,15,105.66319999999999,109.95566666666666,105.06433333333332,-4.8913333333333355,-0.32608888888888904
azerbaijan,HUL,HARD,1.0,33,109.17727272727272,125.30033333333331,109.03166666666668,-16.268666666666633,-0.492989898989898
azerbaijan,HUL,MEDIUM,2.0,15,105.86886666666666,110.48033333333332,104.61733333333332,-5.8629999999999995,-0.39086666666666664
azerbaijan,LAW,MEDIUM,1.0,17,108.41511764705882,115.71,107.472,-8.238,-0.4845882352941176
azerbaijan,LAW,HARD,2.0,31,105.89499999999997,112.10033333333332,104.66233333333334,-7.437999999999988,-0.23993548387096736
azerbaijan,LEC,MEDIUM,1.0,16,109.4556875,120.67,107.243,-13.427000000000007,-0.8391875000000004
azerbaijan,LEC,HARD,2.0,32,105.8856875,111.39566666666667,104.55733333333332,-6.8383333333333525,-0.21369791666666726
azerbaijan,NOR,MEDIUM,1.0,34,107.3316176470588,120.06666666666666,106.193,-13.873666666666665,-0.40804901960784307
azerbaijan,NOR,HARD,2.0,14,106.10600000000001,111.002,104.68433333333333,-6.317666666666668,-0.4512619047619048
azerbaijan,OCO,HARD,3.0,47,107.12236170212766,111.25533333333333,105.512,-5.743333333333325,-0.12219858156028351
azerbaijan,RUS,HARD,1.0,36,106.7581388888889,117.47233333333334,105.84066666666666,-11.631666666666675,-0.3231018518518521
azerbaijan,RUS,MEDIUM,2.0,12,105.55183333333332,109.56066666666668,104.44166666666666,-5.119000000000014,-0.4265833333333345
azerbaijan,SAI,MEDIUM,1.0,24,107.39629166666667,115.04333333333334,107.02999999999999,-8.01333333333335,-0.33388888888888957
azerbaijan,SAI,HARD,2.0,24,105.52579166666668,111.02533333333334,104.41733333333333,-6.608000000000004,-0.2753333333333335
azerbaijan,STR,MEDIUM,1.0,34,108.87735294117648,123.47200000000002,108.12866666666667,-15.343333333333348,-0.451274509803922
azerbaijan,STR,HARD,2.0,14,107.16528571428572,112.26233333333334,106.32100000000001,-5.941333333333333,-0.42438095238095236
azerbaijan,TSU,HARD,1.0,35,107.16702857142856,118.45733333333334,106.28533333333333,-12.172000000000011,-0.3477714285714289
azerbaijan,TSU,MEDIUM,2.0,13,106.264,110.932,104.71833333333332,-6.213666666666683,-0.4779743589743602
azerbaijan,VER,HARD,1.0,37,106.22791891891892,114.48766666666667,106.15966666666668,-8.327999999999989,-0.22508108108108077
azerbaijan,VER,MEDIUM,2.0,11,105.48981818181818,109.66066666666666,104.493,-5.167666666666662,-0.46978787878787837
bahrain,ALB,SOFT,1.0,16,100.343,101.71633333333334,101.17633333333333,-0.5400000000000063,-0.03375000000000039
bahrain,ALB,HARD,2.0,16,101.539,105.00333333333333,108.84633333333333,3.8430000000000035,0.24018750000000022
bahrain,ALB,MEDIUM,3.0,24,100.29316666666666,115.731,99.23333333333333,-16.49766666666666,-0.6874027777777775
bahrain,ALO,MEDIUM,1.0,16,100.6806875,102.10566666666666,101.553,-0.5526666666666671,-0.03454166666666669
bahrain,ALO,MEDIUM,2.0,16,101.6550625,104.79433333333333,108.33966666666667,3.545333333333346,0.22158333333333413
bahrain,ALO,HARD,3.0,24,100.44566666666667,114.254,98.904,-15.350000000000009,-0.6395833333333337
bahrain,ANT,SOFT,1.0,12,99.53858333333334,99.99233333333335,100.33999999999999,0.34766666666664037,0.02897222222222003
bahrain,ANT,MEDIUM,2.0,15,100.33980000000001,105.28066666666666,100.23,-5.0506666666666575,-0.3367111111111105
bahrain,ANT,SOFT,4.0,24,100.07904166666667,114.71600000000001,99.16000000000001,-15.555999999999997,-0.6481666666666666
bahrain,BEA,SOFT,1.0,14,100.44307142857143,102.24166666666667,100.849,-1.3926666666666705,-0.09947619047619075
bahrain,BEA,HARD,2.0,18,101.35700000000001,104.39033333333333,108.51166666666666,4.121333333333325,0.2289629629629625
bahrain,BEA,SOFT,3.0,25,102.256,132.84866666666667,99.185,-33.66366666666667,-1.3465466666666668
bahrain,BOR,MEDIUM,1.0,13,101.16146153846154,103.21900000000001,101.38133333333333,-1.8376666666666779,-0.1413589743589752
bahrain,BOR,HARD,2.0,19,102.22031578947367,105.59500000000001,110.822,5.22699999999999,0.2751052631578942
bahrain,BOR,MEDIUM,3.0,24,99.88012499999998,107.91833333333334,99.14833333333333,-8.77000000000001,-0.3654166666666671
bahrain,DOO,SOFT,1.0,9,100.35133333333334,101.01933333333334,100.93366666666667,-0.08566666666666833,-0.009518518518518704
bahrain,DOO,MEDIUM,2.0,19,100.00899999999997,104.61333333333334,100.39366666666666,-4.219666666666683,-0.22208771929824647
bahrain,DOO,HARD,3.0,29,103.06579310344827,104.09433333333334,98.91166666666668,-5.1826666666666625,-0.17871264367816078
bahrain,GAS,SOFT,1.0,10,99.7072,99.51066666666667,101.24733333333332,1.7366666666666504,0.17366666666666503
bahrain,GAS,MEDIUM,2.0,18,99.65777777777777,104.30533333333334,99.60533333333332,-4.700000000000017,-0.26111111111111207
bahrain,GAS,HARD,3.0,29,102.9146551724138,104.38066666666668,98.921,-5.459666666666678,-0.18826436781609235
bahrain,HAD,SOFT,1.0,6,101.52483333333333,102.49433333333333,100.55533333333334,-1.938999999999993,-0.3231666666666655
bahrain,HAD,MEDIUM,2.0,22,100.27131818181819,104.90866666666666,100.37633333333333,-4.532333333333327,-0.2060151515151512
bahrain,HAD,HARD,3.0,29,102.78037931034486,104.09866666666666,98.52566666666667,-5.572999999999993,-0.1921724137931032
bahrain,HAM,MEDIUM,1.0,17,99.67923529411765,100.51766666666667,100.14866666666667,-0.3689999999999998,-0.02170588235294116
bahrain,HAM,MEDIUM,2.0,15,100.2256,104.00366666666666,103.59266666666667,-0.41099999999998715,-0.027399999999999144
bahrain,HAM,HARD,3.0,24,100.72095833333333,124.47633333333333,98.17533333333334,-26.300999999999988,-1.0958749999999995
bahrain,HUL,MEDIUM,2.0,22,100.38859090909091,104.995,100.86066666666666,-4.134333333333345,-0.18792424242424294
bahrain,HUL,MEDIUM,3.0,30,102.41453333333335,104.63433333333334,98.74833333333333,-5.88600000000001,-0.19620000000000032
bahrain,LAW,MEDIUM,1.0,14,100.8512857142857,102.76199999999999,101.36666666666666,-1.3953333333333262,-0.09966666666666615
bahrain,LAW,HARD,2.0,18,102.06,105.62066666666668,109.45233333333333,3.8316666666666492,0.2128703703703694
bahrain,LAW,SOFT,3.0,24,99.48991666666666,109.863,98.73666666666668,-11.12633333333332,-0.4635972222222217
bahrain,LEC,MEDIUM,1.0,17,99.083,99.28099999999999,99.82566666666666,0.5446666666666715,0.0320392156862748
bahrain,LEC,MEDIUM,2.0,15,99.85853333333333,103.96633333333334,102.26100000000001,-1.7053333333333285,-0.11368888888888856
bahrain,LEC,HARD,3.0,24,100.78145833333333,127.14033333333333,97.84166666666665,-29.298666666666676,-1.2207777777777782
bahrain,NOR,SOFT,1.0,10,99.0236,98.91699999999999,99.86933333333333,0.9523333333333426,0.09523333333333425
bahrain,NOR,MEDIUM,2.0,22,99.75959090909092,106.05700000000002,102.45566666666667,-3.6013333333333435,-0.16369696969697015
bahrain,NOR,MEDIUM,3.0,24,100.589875,126.894,97.73200000000001,-29.161999999999992,-1.215083333333333
bahrain,OCO,SOFT,1.0,8,100.392,101.255,100.455,-0.7999999999999972,-0.09999999999999964
bahrain,OCO,MEDIUM,2.0,19,99.75705263157894,104.48033333333335,100.416,-4.064333333333352,-0.21391228070175536
bahrain,OCO,HARD,3.0,30,102.83863333333332,104.24366666666667,98.74233333333332,-5.501333333333349,-0.1833777777777783
bahrain,PIA,SOFT,1.0,14,98.64214285714286,98.08933333333334,99.69599999999998,1.6066666666666407,0.11476190476190291
bahrain,PIA,MEDIUM,2.0,18,99.46527777777777,104.884,101.35633333333334,-3.5276666666666614,-0.1959814814814812
bahrain,PIA,MEDIUM,3.0,24,100.08333333333333,127.312,96.36333333333334,-30.948666666666654,-1.2895277777777772
bahrain,RUS,SOFT,1.0,13,98.97946153846154,98.56166666666667,100.039,1.477333333333334,0.1136410256410257
bahrain,RUS,MEDIUM,2.0,19,99.69057894736842,104.40333333333332,102.25100000000002,-2.152333333333303,-0.11328070175438436
bahrain,RUS,SOFT,3.0,24,100.67816666666666,127.18900000000001,97.729,-29.460000000000008,-1.2275000000000003
bahrain,SAI,SOFT,1.0,14,100.26807142857142,99.78133333333334,101.145,1.36366666666666,0.09740476190476142
bahrain,SAI,MEDIUM,2.0,18,101.15316666666666,104.37466666666667,107.61200000000001,3.237333333333339,0.17985185185185218
bahrain,SAI,HARD,3.0,11,104.36272727272727,117.71966666666667,101.07133333333333,-16.64833333333334,-1.513484848484849
bahrain,STR,SOFT,1.0,12,101.05366666666667,102.932,101.27433333333333,-1.657666666666671,-0.13813888888888926
bahrain,STR,MEDIUM,2.0,20,101.857,105.38533333333334,110.05499999999999,4.669666666666657,0.23348333333333288
bahrain,STR,HARD,3.0,24,100.105,110.02333333333335,99.02300000000001,-11.000333333333344,-0.4583472222222227
bahrain,TSU,SOFT,1.0,11,100.10681818181818,100.81966666666666,100.81233333333334,-0.007333333333320979,-0.0006666666666655436
bahrain,TSU,MEDIUM,2.0,21,101.17090476190477,105.66466666666668,108.31733333333334,2.6526666666666614,0.12631746031746008
bahrain,TSU,SOFT,3.0,24,100.30091666666665,116.59966666666666,98.663,-17.936666666666667,-0.7473611111111111
bahrain,VER,SOFT,1.0,10,99.79339999999999,100.25166666666667,100.78266666666667,0.5310000000000059,0.05310000000000059
bahrain,VER,HARD,2.0,16,100.3335625,105.14966666666668,100.28366666666666,-4.866000000000014,-0.30412500000000087
bahrain,VER,MEDIUM,3.0,31,102.27609677419353,104.43400000000001,98.12166666666667,-6.312333333333342,-0.20362365591397877
belgian,ALB,INTERMEDIATE,1.0,9,130.66577777777778,144.797,124.74233333333332,-20.054666666666677,-2.2282962962962976
belgian,ALB,MEDIUM,2.0,32,108.21225,117.35866666666665,107.00733333333334,-10.351333333333315,-0.3234791666666661
belgian,ALO,INTERMEDIATE,1.0,8,136.521625,154.754,126.91366666666666,-27.840333333333334,-3.4800416666666667
belgian,ALO,MEDIUM,2.0,18,110.69127777777778,119.89433333333334,109.92033333333335,-9.97399999999999,-0.5541111111111106
belgian,ANT,INTERMEDIATE,1.0,9,134.8521111111111,154.179,126.44033333333334,-27.73866666666666,-3.0820740740740735
belgian,ANT,MEDIUM,2.0,18,109.77399999999999,116.58866666666667,109.48166666666667,-7.106999999999999,-0.3948333333333333
belgian,BEA,INTERMEDIATE,1.0,9,132.477,149.299,124.99933333333333,-24.29966666666668,-2.6999629629629647
belgian,BEA,MEDIUM,2.0,32,108.944875,119.72466666666666,106.93566666666668,-12.788999999999987,-0.3996562499999996
belgian,BOR,INTERMEDIATE,1.0,9,132.19944444444445,148.103,125.80933333333333,-22.29366666666668,-2.4770740740740758
belgian,BOR,MEDIUM,2.0,32,108.453375,117.60199999999999,107.08,-10.521999999999991,-0.32881249999999973
belgian,COL,INTERMEDIATE,1.0,9,133.803,151.32933333333332,125.865,-25.46433333333333,-2.82937037037037
belgian,COL,MEDIUM,2.0,16,110.8600625,117.09933333333333,110.08566666666667,-7.013666666666666,-0.4383541666666666
belgian,GAS,INTERMEDIATE,1.0,8,134.85087499999997,150.11766666666665,127.47733333333333,-22.640333333333317,-2.8300416666666646
belgian,GAS,MEDIUM,2.0,33,109.1209696969697,119.774,107.35700000000001,-12.416999999999987,-0.37627272727272687
belgian,HAD,INTERMEDIATE,1.0,10,130.7949,146.885,124.74066666666666,-22.144333333333336,-2.2144333333333335
belgian,HAD,MEDIUM,2.0,7,113.85685714285712,117.46933333333332,111.52333333333333,-5.945999999999998,-0.8494285714285711
belgian,HAD,HARD,3.0,23,109.16013043478259,114.41633333333334,108.35633333333332,-6.0600000000000165,-0.26347826086956594
belgian,HAM,INTERMEDIATE,1.0,8,135.249125,153.147,126.14766666666667,-26.999333333333325,-3.3749166666666657
belgian,HAM,MEDIUM,2.0,33,108.24196969696972,117.60933333333332,106.81833333333333,-10.790999999999997,-0.3269999999999999
belgian,HUL,INTERMEDIATE,1.0,8,135.104875,150.77866666666668,127.21999999999998,-23.558666666666696,-2.944833333333337
belgian,HUL,MEDIUM,2.0,21,110.0314761904762,118.97266666666667,109.65333333333332,-9.319333333333347,-0.44377777777777844
belgian,LAW,INTERMEDIATE,1.0,9,131.94899999999998,147.43633333333332,125.50933333333334,-21.92699999999998,-2.436333333333331
belgian,LAW,MEDIUM,2.0,32,108.38278125,117.735,107.35066666666667,-10.38433333333333,-0.3245104166666666
belgian,LEC,INTERMEDIATE,1.0,9,129.74288888888887,143.02033333333333,124.18033333333334,-18.83999999999999,-2.093333333333332
belgian,LEC,MEDIUM,2.0,32,107.7919375,118.27533333333334,106.69966666666666,-11.575666666666677,-0.36173958333333367
belgian,NOR,INTERMEDIATE,1.0,10,127.40509999999999,141.441,121.66533333333332,-19.77566666666668,-1.977566666666668
belgian,NOR,HARD,2.0,31,107.20448387096774,115.90866666666666,106.356,-9.552666666666667,-0.30815053763440864
belgian,OCO,INTERMEDIATE,1.0,10,132.1124,149.03966666666668,126.36800000000001,-22.671666666666667,-2.2671666666666668
belgian,OCO,MEDIUM,2.0,31,108.71796774193548,117.74466666666667,106.87866666666666,-10.866000000000014,-0.35051612903225854
belgian,PIA,INTERMEDIATE,1.0,9,128.3602222222222,141.28833333333333,123.19633333333333,-18.092,-2.010222222222222
belgian,PIA,MEDIUM,2.0,32,107.4788125,116.76566666666668,106.48666666666668,-10.278999999999996,-0.3212187499999999
belgian,RUS,INTERMEDIATE,1.0,9,130.68644444444445,145.02266666666668,124.776,-20.246666666666684,-2.2496296296296316
belgian,RUS,MEDIUM,2.0,32,108.10565625000001,117.431,106.755,-10.676000000000002,-0.33362500000000006
belgian,SAI,INTERMEDIATE,1.0,9,134.18666666666667,152.29866666666666,125.99399999999999,-26.304666666666677,-2.9227407407407417
belgian,SAI,MEDIUM,2.0,14,111.18485714285715,117.937,110.18766666666666,-7.74933333333334,-0.55352380952381
belgian,SAI,HARD,3.0,18,107.72794444444445,112.43433333333333,106.81400000000001,-5.6203333333333205,-0.31224074074074004
belgian,STR,INTERMEDIATE,1.0,9,134.3178888888889,152.16866666666667,126.52199999999999,-25.646666666666675,-2.8496296296296304
belgian,STR,MEDIUM,2.0,32,108.76884375,116.766,107.40666666666665,-9.359333333333353,-0.2924791666666673
belgian,TSU,INTERMEDIATE,1.0,10,130.56160000000003,146.30166666666665,124.88766666666668,-21.413999999999973,-2.1413999999999973
belgian,TSU,MEDIUM,2.0,31,108.76916129032259,117.03233333333333,107.988,-9.044333333333327,-0.2917526881720428
belgian,VER,INTERMEDIATE,1.0,9,129.94622222222222,143.649,124.19066666666667,-19.45833333333333,-2.1620370370370363
belgian,VER,MEDIUM,2.0,32,107.82353125,118.48200000000001,106.82299999999998,-11.659000000000034,-0.3643437500000011
british,ALB,INTERMEDIATE,1.0,12,117.35925000000002,129.20033333333333,110.29633333333334,-18.903999999999996,-1.575333333333333
british,ALB,INTERMEDIATE,2.0,25,109.29992,139.08633333333333,100.98166666666667,-38.10466666666666,-1.5241866666666664
british,ALB,MEDIUM,3.0,10,94.91850000000001,104.70033333333333,90.20633333333335,-14.493999999999986,-1.4493999999999985
british,ALO,INTERMEDIATE,1.0,11,117.42809090909091,128.457,108.666,-19.790999999999997,-1.799181818181818
british,ALO,INTERMEDIATE,2.0,21,110.80171428571427,128.81033333333335,101.96400000000001,-26.846333333333334,-1.2783968253968254
british,ALO,MEDIUM,3.0,15,98.0128,115.70866666666666,91.42200000000001,-24.286666666666648,-1.6191111111111098
british,ANT,HARD,2.0,6,115.50833333333333,124.20066666666666,106.81599999999999,-17.384666666666675,-2.897444444444446
british,ANT,INTERMEDIATE,3.0,7,124.4937142857143,113.80900000000001,137.04366666666667,23.234666666666655,3.3192380952380938
british,BEA,HARD,1.0,10,120.12480000000001,136.89033333333333,103.21666666666665,-33.673666666666676,-3.3673666666666677
british,BEA,INTERMEDIATE,2.0,26,109.47603846153847,118.67933333333333,101.47700000000002,-17.202333333333314,-0.6616282051282044
british,BEA,MEDIUM,3.0,11,96.11063636363635,107.447,91.54233333333333,-15.904666666666671,-1.4458787878787882
british,GAS,INTERMEDIATE,1.0,11,117.334,128.23233333333334,108.71833333333335,-19.513999999999996,-1.7739999999999996
british,GAS,INTERMEDIATE,2.0,25,109.30568,126.49166666666667,102.10066666666667,-24.391000000000005,-0.9756400000000002
british,GAS,MEDIUM,3.0,11,95.93027272727272,107.02966666666667,91.45033333333333,-15.579333333333338,-1.4163030303030306
british,HAD,MEDIUM,1.0,10,119.8924,135.95566666666664,102.71833333333332,-33.237333333333325,-3.3237333333333323
british,HAM,INTERMEDIATE,1.0,11,117.22190909090908,127.59999999999998,108.59166666666665,-19.008333333333326,-1.7280303030303024
british,HAM,INTERMEDIATE,2.0,25,108.64708,128.14033333333333,100.36200000000001,-27.77833333333332,-1.1111333333333329
british,HAM,SOFT,3.0,11,95.80463636363635,107.19166666666666,91.03366666666666,-16.158,-1.468909090909091
british,HUL,INTERMEDIATE,1.0,9,119.70411111111109,129.642,111.37766666666666,-18.26433333333334,-2.029370370370371
british,HUL,INTERMEDIATE,2.0,27,106.43174074074074,112.60266666666666,99.90800000000002,-12.694666666666649,-0.47017283950617217
british,HUL,MEDIUM,3.0,10,95.1192,103.46566666666666,91.207,-12.25866666666667,-1.225866666666667
british,LEC,MEDIUM,1.0,10,119.3383,135.23933333333335,101.92099999999999,-33.31833333333336,-3.3318333333333356
british,LEC,INTERMEDIATE,2.0,27,109.15407407407407,119.10033333333332,100.723,-18.377333333333326,-0.6806419753086417
british,LEC,SOFT,3.0,10,97.3507,111.28566666666666,91.22933333333333,-20.056333333333328,-2.005633333333333
british,NOR,INTERMEDIATE,1.0,11,116.2891818181818,127.29466666666667,106.39566666666667,-20.899,-1.899909090909091
british,NOR,INTERMEDIATE,2.0,27,104.64718518518518,126.30533333333334,98.89533333333334,-27.409999999999997,-1.015185185185185
british,NOR,MEDIUM,3.0,8,93.826125,99.92,90.29333333333334,-9.626666666666665,-1.2033333333333331
british,OCO,INTERMEDIATE,1.0,16,121.457875,130.38400000000001,135.77533333333335,5.3913333333333355,0.33695833333333347
british,OCO,INTERMEDIATE,2.0,21,104.16695238095238,107.84499999999998,101.31666666666666,-6.528333333333322,-0.3108730158730153
british,OCO,MEDIUM,3.0,10,95.9776,106.98666666666668,91.021,-15.965666666666678,-1.5965666666666678
british,PIA,INTERMEDIATE,1.0,11,115.59545454545454,126.49333333333334,105.07333333333334,-21.42,-1.9472727272727275
british,PIA,INTERMEDIATE,2.0,26,104.422,123.18166666666667,98.54033333333332,-24.64133333333335,-0.9477435897435904
british,PIA,MEDIUM,3.0,9,95.46411111111111,105.39299999999999,90.45433333333335,-14.938666666666634,-1.6598518518518484
british,RUS,HARD,1.0,10,118.7145,134.644,101.73566666666666,-32.908333333333346,-3.2908333333333344
british,RUS,INTERMEDIATE,2.0,23,110.06530434782609,117.41033333333333,101.84333333333332,-15.567000000000007,-0.676826086956522
british,RUS,HARD,3.0,14,98.10178571428571,114.78366666666666,91.24166666666667,-23.541999999999987,-1.6815714285714276
british,SAI,INTERMEDIATE,1.0,11,117.57072727272727,128.857,108.67933333333333,-20.177666666666667,-1.8343333333333334
british,SAI,INTERMEDIATE,2.0,25,109.85704000000001,128.95933333333332,102.09933333333333,-26.859999999999985,-1.0743999999999994
british,SAI,MEDIUM,3.0,11,96.63763636363636,109.31533333333334,91.209,-18.10633333333334,-1.6460303030303036
british,STR,INTERMEDIATE,1.0,6,123.36966666666666,130.04633333333334,116.69299999999998,-13.353333333333353,-2.225555555555559
british,STR,INTERMEDIATE,3.0,25,107.21124,115.18400000000001,101.73266666666666,-13.451333333333352,-0.538053333333334
british,STR,SOFT,4.0,11,96.54290909090909,106.105,92.996,-13.109000000000009,-1.1917272727272736
british,TSU,INTERMEDIATE,1.0,11,118.24381818181816,129.441,110.10933333333332,-19.331666666666678,-1.7574242424242434
british,TSU,INTERMEDIATE,2.0,25,110.75083999999998,127.224,104.164,-23.060000000000002,-0.9224000000000001
british,TSU,MEDIUM,3.0,10,99.3158,114.76766666666667,91.36233333333332,-23.405333333333346,-2.3405333333333345
british,VER,INTERMEDIATE,1.0,11,116.41609090909091,126.25833333333333,107.75166666666667,-18.50666666666666,-1.682424242424242
british,VER,INTERMEDIATE,2.0,24,106.99404166666666,124.98599999999999,100.56566666666667,-24.420333333333318,-1.0175138888888882
british,VER,MEDIUM,3.0,11,95.86827272727272,107.476,90.884,-16.592,-1.5083636363636364
canadian,ALB,MEDIUM,1.0,23,79.45686956521739,82.10133333333333,85.312,3.2106666666666683,0.1395942028985508
canadian,ALB,HARD,2.0,23,77.19878260869565,78.08,79.16333333333334,1.0833333333333428,0.04710144927536273
canadian,ALO,MEDIUM,1.0,15,79.13719999999999,79.94866666666667,84.24066666666667,4.292000000000002,0.28613333333333346
canadian,ALO,HARD,2.0,35,77.31685714285715,77.85333333333334,82.41066666666667,4.557333333333332,0.13020952380952378
canadian,ALO,HARD,3.0,16,77.11025000000001,76.36166666666666,83.25633333333333,6.894666666666666,0.4309166666666666
canadian,ANT,MEDIUM,1.0,14,78.24085714285715,78.927,82.61,3.6829999999999927,0.26307142857142807
canadian,ANT,HARD,2.0,24,76.59220833333335,77.54899999999999,80.70933333333333,3.160333333333341,0.13168055555555588
canadian,ANT,HARD,3.0,29,76.09437931034483,76.65266666666668,84.45433333333334,7.801666666666662,0.26902298850574696
canadian,BEA,MEDIUM,1.0,18,79.64644444444444,82.25633333333333,84.06833333333333,1.8119999999999976,0.10066666666666653
canadian,BEA,HARD,2.0,48,77.8468125,77.92133333333334,89.914,11.992666666666665,0.2498472222222222
canadian,BOR,HARD,1.0,49,78.38520408163265,82.66799999999999,82.62733333333334,-0.04066666666665242,-0.0008299319727888249
canadian,BOR,MEDIUM,2.0,17,78.54182352941177,77.48199999999999,89.15533333333333,11.673333333333346,0.6866666666666674
canadian,COL,MEDIUM,1.0,14,79.70492857142857,81.67133333333334,83.73133333333332,2.059999999999988,0.1471428571428563
canadian,COL,HARD,2.0,52,78.0633846153846,78.64933333333335,89.28166666666665,10.632333333333307,0.2044679487179482
canadian,GAS,HARD,1.0,53,78.34488679245283,84.166,82.06400000000001,-2.1019999999999897,-0.03966037735849037
canadian,GAS,MEDIUM,2.0,13,79.01861538461539,76.64933333333333,90.17199999999998,13.522666666666652,1.040205128205127
canadian,HAD,MEDIUM,1.0,13,80.12707692307693,81.75966666666666,84.678,2.9183333333333366,0.22448717948717972
canadian,HAD,HARD,2.0,53,78.1907924528302,78.42166666666667,92.527,14.105333333333334,0.26613836477987424
canadian,HAM,MEDIUM,1.0,15,78.59326666666666,79.62733333333334,83.21966666666667,3.592333333333329,0.23948888888888858
canadian,HAM,HARD,2.0,30,77.01966666666667,78.20133333333334,81.83066666666666,3.629333333333321,0.12097777777777736
canadian,HAM,HARD,3.0,22,77.71877272727274,77.06733333333334,91.10366666666665,14.036333333333317,0.6380151515151508
canadian,HUL,MEDIUM,1.0,19,79.0371052631579,81.229,83.722,2.492999999999995,0.13121052631578922
canadian,HUL,HARD,2.0,47,77.22082978723404,78.47366666666666,84.24000000000001,5.76633333333335,0.1226879432624117
canadian,LAW,HARD,1.0,38,78.76836842105264,83.768,83.31099999999999,-0.45700000000000784,-0.01202631578947389
canadian,LAW,MEDIUM,2.0,15,77.53826666666667,78.51766666666667,76.88233333333334,-1.6353333333333353,-0.10902222222222235
canadian,LEC,HARD,1.0,28,77.59117857142857,80.68900000000001,81.66666666666667,0.9776666666666642,0.03491666666666658
canadian,LEC,HARD,2.0,25,76.16464,76.72266666666667,80.70899999999999,3.98633333333332,0.1594533333333328
canadian,LEC,MEDIUM,3.0,14,77.90928571428572,76.12033333333333,87.72833333333334,11.608000000000004,0.8291428571428574
canadian,NOR,HARD,1.0,29,77.44948275862069,80.26066666666668,81.572,1.311333333333323,0.045218390804597344
canadian,NOR,MEDIUM,2.0,18,76.27600000000001,76.23466666666667,80.90766666666667,4.673000000000002,0.25961111111111124
canadian,NOR,HARD,3.0,19,74.65615789473685,75.77,74.58033333333334,-1.1896666666666533,-0.0626140350877186
canadian,OCO,HARD,1.0,57,77.83428070175438,82.471,82.269,-0.20199999999999818,-0.003543859649122775
canadian,OCO,MEDIUM,2.0,9,79.06577777777778,77.015,85.32533333333333,8.310333333333332,0.9233703703703703
canadian,PIA,MEDIUM,1.0,16,78.197875,79.38766666666668,82.34133333333334,2.9536666666666633,0.18460416666666646
canadian,PIA,HARD,2.0,29,76.325,77.32933333333334,80.84933333333333,3.519999999999996,0.12137931034482745
canadian,PIA,HARD,3.0,22,76.56063636363638,76.06033333333333,87.12733333333334,11.067000000000007,0.5030454545454549
canadian,RUS,MEDIUM,1.0,13,77.99130769230769,78.18066666666665,81.87466666666667,3.694000000000017,0.2841538461538474
canadian,RUS,HARD,2.0,29,76.43879310344828,77.146,81.17266666666667,4.026666666666671,0.1388505747126438
canadian,RUS,HARD,3.0,25,76.15816000000001,76.356,84.13133333333333,7.775333333333336,0.3110133333333334
canadian,SAI,HARD,1.0,57,77.90259649122805,82.94833333333334,82.52666666666667,-0.42166666666666686,-0.007397660818713453
canadian,SAI,MEDIUM,2.0,9,78.6948888888889,75.95,84.954,9.00399999999999,1.0004444444444434
canadian,STR,HARD,1.0,24,79.34520833333333,83.53833333333333,83.44033333333333,-0.09799999999999898,-0.00408333333333329
canadian,STR,HARD,2.0,27,77.94574074074075,77.63766666666668,85.55833333333332,7.920666666666648,0.29335802469135736
canadian,STR,MEDIUM,3.0,15,78.64393333333334,76.48933333333333,91.74666666666667,15.257333333333335,1.0171555555555556
canadian,TSU,HARD,1.0,56,78.05296428571428,83.24666666666667,82.61266666666667,-0.6340000000000003,-0.011321428571428578
canadian,TSU,MEDIUM,2.0,10,80.16830000000002,76.80966666666667,88.318,11.508333333333326,1.1508333333333325
canadian,VER,MEDIUM,1.0,12,78.35008333333334,78.35366666666667,82.26033333333334,3.9066666666666663,0.32555555555555554
canadian,VER,HARD,2.0,25,76.68788,77.11433333333333,81.42166666666667,4.307333333333332,0.1722933333333333
canadian,VER,HARD,3.0,30,75.99380000000001,76.47266666666665,84.16566666666667,7.693000000000012,0.25643333333333374
chinese,ALB,MEDIUM,1.0,20,99.56275000000002,101.27033333333334,100.87533333333333,-0.39500000000001023,-0.01975000000000051
chinese,ALB,HARD,2.0,36,97.78033333333333,104.36033333333334,96.51433333333334,-7.846000000000004,-0.21794444444444455
chinese,ANT,MEDIUM,1.0,12,99.70316666666666,99.95266666666667,100.89366666666666,0.9409999999999883,0.07841666666666569
chinese,ANT,HARD,2.0,44,98.00763636363637,105.005,96.34566666666666,-8.659333333333336,-0.19680303030303037
chinese,BEA,HARD,1.0,26,99.67573076923078,102.25033333333333,100.49833333333333,-1.7519999999999953,-0.06738461538461521
chinese,BEA,MEDIUM,2.0,30,97.49199999999999,102.915,96.61933333333333,-6.295666666666676,-0.20985555555555588
chinese,BOR,HARD,2.0,25,100.10452000000001,104.50166666666667,101.22633333333333,-3.275333333333336,-0.13101333333333343
chinese,BOR,HARD,3.0,29,97.91420689655173,103.02133333333335,97.755,-5.26633333333335,-0.18159770114942586
chinese,DOO,MEDIUM,1.0,11,100.6348181818182,102.48866666666667,100.85500000000002,-1.633666666666656,-0.14851515151515055
chinese,DOO,HARD,2.0,45,98.36542222222221,103.89866666666667,97.11399999999999,-6.784666666666681,-0.1507703703703707
chinese,GAS,MEDIUM,1.0,10,100.3362,101.65666666666668,100.97033333333333,-0.6863333333333514,-0.06863333333333514
chinese,GAS,HARD,2.0,46,98.23606521739131,103.827,96.97666666666667,-6.8503333333333245,-0.14892028985507227
chinese,HAD,MEDIUM,1.0,12,99.88691666666666,100.83566666666667,100.60633333333334,-0.2293333333333294,-0.019111111111110784
chinese,HAD,HARD,2.0,21,99.41771428571428,104.59466666666667,99.60799999999999,-4.986666666666679,-0.23746031746031804
chinese,HAD,HARD,3.0,23,97.71678260869565,102.25466666666667,97.11766666666666,-5.1370000000000005,-0.22334782608695655
chinese,HAM,MEDIUM,1.0,13,98.93730769230768,98.93900000000001,100.20466666666668,1.2656666666666752,0.09735897435897502
chinese,HAM,HARD,2.0,24,98.451125,103.79133333333333,98.918,-4.873333333333321,-0.20305555555555502
chinese,HAM,HARD,3.0,19,96.3892105263158,101.60933333333332,95.39,-6.219333333333324,-0.32733333333333287
chinese,HUL,MEDIUM,1.0,20,100.97375,103.48266666666666,102.97533333333332,-0.5073333333333352,-0.02536666666666676
chinese,HUL,HARD,2.0,35,98.73648571428572,104.56333333333333,99.298,-5.265333333333331,-0.15043809523809518
chinese,LAW,HARD,1.0,18,100.25755555555556,102.76866666666666,101.46466666666667,-1.3039999999999878,-0.07244444444444377
chinese,LAW,MEDIUM,2.0,12,99.83933333333333,103.89733333333334,99.45833333333333,-4.439000000000007,-0.3699166666666673
chinese,LAW,HARD,3.0,26,97.44096153846155,102.54366666666665,97.07666666666667,-5.4669999999999845,-0.21026923076923018
chinese,LEC,MEDIUM,1.0,15,98.8602,99.34466666666667,99.82966666666665,0.4849999999999852,0.03233333333333235
chinese,LEC,HARD,2.0,41,97.44717073170732,103.64666666666666,97.36966666666666,-6.277000000000001,-0.15309756097560978
chinese,NOR,MEDIUM,1.0,15,98.51219999999998,98.19266666666665,100.00233333333334,1.8096666666666863,0.12064444444444575
chinese,NOR,HARD,2.0,41,97.24612195121951,103.522,98.41666666666667,-5.105333333333334,-0.12452032520325206
chinese,OCO,MEDIUM,1.0,11,100.08954545454544,100.995,100.894,-0.10099999999999909,-0.009181818181818098
chinese,OCO,HARD,2.0,45,97.8668888888889,103.802,95.90666666666665,-7.895333333333355,-0.17545185185185233
chinese,PIA,MEDIUM,1.0,14,98.29364285714284,97.86133333333332,99.56466666666665,1.7033333333333331,0.12166666666666666
chinese,PIA,HARD,2.0,42,97.11702380952381,103.94266666666668,96.18366666666668,-7.759,-0.18473809523809526
chinese,RUS,MEDIUM,1.0,14,98.68878571428571,98.50633333333333,99.88266666666668,1.3763333333333492,0.09830952380952494
chinese,RUS,HARD,2.0,42,97.24952380952381,102.96600000000001,95.87466666666667,-7.091333333333338,-0.16884126984126996
chinese,SAI,MEDIUM,1.0,17,100.04735294117647,102.10000000000001,101.222,-0.8780000000000143,-0.051647058823530254
chinese,SAI,HARD,2.0,39,98.22071794871796,104.346,97.31066666666668,-7.035333333333327,-0.18039316239316222
chinese,STR,HARD,1.0,36,99.22233333333332,101.87633333333333,99.49400000000001,-2.382333333333321,-0.06617592592592558
chinese,STR,MEDIUM,2.0,20,97.6613,102.28433333333334,96.95433333333334,-5.329999999999998,-0.2664999999999999
chinese,TSU,MEDIUM,1.0,11,99.86872727272726,100.449,100.74833333333333,0.2993333333333368,0.027212121212121524
chinese,TSU,HARD,2.0,24,99.07995833333332,104.41733333333333,99.47466666666666,-4.942666666666668,-0.20594444444444449
chinese,TSU,HARD,3.0,11,99.39427272727272,102.91199999999999,100.142,-2.769999999999996,-0.25181818181818144
chinese,TSU,MEDIUM,4.0,9,100.96944444444443,109.3,97.27333333333333,-12.02666666666667,-1.3362962962962968
chinese,VER,MEDIUM,1.0,13,99.35407692307692,99.61833333333334,100.13033333333334,0.5120000000000005,0.03938461538461542
chinese,VER,HARD,2.0,43,97.21113953488374,103.19933333333334,95.68833333333333,-7.51100000000001,-0.17467441860465138
dutch,ALB,MEDIUM,1.0,23,78.12678260869563,79.49866666666667,84.97133333333333,5.472666666666669,0.23794202898550734
dutch,ALB,HARD,2.0,30,80.1971,107.08833333333332,81.84466666666667,-25.243666666666655,-0.8414555555555552
dutch,ALB,SOFT,3.0,19,90.17615789473685,115.01166666666666,73.94433333333332,-41.06733333333334,-2.1614385964912284
dutch,ALO,MEDIUM,1.0,18,77.58461111111112,80.03766666666667,77.99266666666666,-2.0450000000000017,-0.1136111111111112
dutch,ALO,HARD,2.0,22,82.68668181818182,80.35666666666667,77.15466666666667,-3.201999999999998,-0.14554545454545445
dutch,ALO,HARD,3.0,32,84.56025,79.09533333333333,74.678,-4.417333333333332,-0.13804166666666662
dutch,ANT,MEDIUM,1.0,23,78.27726086956523,79.85066666666667,84.375,4.524333333333331,0.19671014492753613
dutch,ANT,HARD,2.0,28,79.40121428571429,106.16033333333333,75.78766666666667,-30.37266666666666,-1.084738095238095
dutch,ANT,SOFT,4.0,19,89.4232105263158,110.40566666666666,73.96300000000001,-36.44266666666665,-1.9180350877192975
dutch,BEA,HARD,1.0,53,79.89179245283019,81.82000000000001,85.69633333333333,3.8763333333333208,0.07313836477987398
dutch,BEA,MEDIUM,2.0,19,88.66463157894738,106.389,74.258,-32.131,-1.6911052631578947
dutch,BOR,MEDIUM,1.0,22,77.90554545454546,81.264,78.274,-2.989999999999995,-0.13590909090909067
dutch,BOR,HARD,2.0,38,83.77492105263157,102.454,78.56333333333333,-23.89066666666666,-0.6287017543859648
dutch,BOR,SOFT,3.0,12,86.17041666666667,79.85966666666667,76.69533333333334,-3.1643333333333317,-0.2636944444444443
dutch,COL,SOFT,1.0,19,77.72636842105261,80.38,77.911,-2.468999999999994,-0.1299473684210523
dutch,COL,HARD,2.0,34,81.41505882352942,81.28099999999999,88.615,7.334000000000003,0.21570588235294127
dutch,COL,MEDIUM,3.0,12,87.16433333333333,104.28633333333335,82.738,-21.548333333333346,-1.7956944444444456
dutch,COL,SOFT,4.0,7,90.49642857142858,110.82566666666666,74.77900000000001,-36.04666666666665,-5.149523809523807
dutch,GAS,MEDIUM,1.0,23,78.55717391304347,80.22533333333332,85.21066666666667,4.985333333333344,0.21675362318840624
dutch,GAS,HARD,2.0,49,84.21761224489796,104.98066666666666,77.93233333333332,-27.048333333333346,-0.5520068027210887
dutch,HAD,MEDIUM,1.0,23,77.09221739130435,78.22366666666666,81.704,3.480333333333334,0.15131884057971018
dutch,HAD,HARD,2.0,30,80.2341,114.324,79.62366666666667,-34.70033333333333,-1.1566777777777777
dutch,HAD,SOFT,3.0,19,91.20726315789474,121.73700000000001,73.407,-48.33000000000001,-2.5436842105263167
dutch,HAM,MEDIUM,1.0,22,76.61263636363637,78.734,76.65166666666666,-2.082333333333338,-0.09465151515151536
dutch,HUL,SOFT,1.0,19,77.77763157894738,80.55233333333334,77.788,-2.76433333333334,-0.1454912280701758
dutch,HUL,HARD,2.0,34,81.40117647058823,83.10366666666665,88.218,5.114333333333349,0.15042156862745143
dutch,HUL,MEDIUM,3.0,19,88.63994736842105,104.56733333333334,76.13566666666667,-28.431666666666672,-1.49640350877193
dutch,LAW,MEDIUM,1.0,23,77.77008695652172,79.05266666666667,83.45,4.397333333333336,0.19118840579710156
dutch,LAW,SOFT,3.0,25,79.07628,90.214,85.31166666666667,-4.902333333333331,-0.19609333333333326
dutch,LAW,SOFT,4.0,20,85.41290000000001,106.644,75.44966666666666,-31.194333333333347,-1.5597166666666673
dutch,LEC,MEDIUM,1.0,22,76.59195454545456,78.35666666666667,77.476,-0.88066666666667,-0.04003030303030319
dutch,LEC,HARD,2.0,30,80.39983333333333,105.46233333333333,75.93466666666666,-29.527666666666676,-0.9842555555555559
dutch,NOR,MEDIUM,1.0,23,76.10578260869566,77.80266666666667,79.063,1.2603333333333353,0.05479710144927545
dutch,NOR,HARD,2.0,30,80.42813333333334,121.56566666666667,78.16133333333333,-43.40433333333334,-1.4468111111111113
dutch,NOR,HARD,3.0,11,91.38272727272728,126.431,72.75666666666666,-53.67433333333334,-4.879484848484849
dutch,OCO,HARD,1.0,52,79.47888461538462,80.75333333333333,77.72133333333333,-3.0319999999999965,-0.05830769230769224
dutch,OCO,MEDIUM,2.0,20,89.5505,104.24833333333333,74.64933333333333,-29.599000000000004,-1.47995
dutch,PIA,MEDIUM,1.0,23,75.8738695652174,76.70033333333333,78.39133333333334,1.6910000000000025,0.07352173913043489
dutch,PIA,HARD,2.0,30,80.45770000000002,123.17333333333333,77.19833333333334,-45.974999999999994,-1.5324999999999998
dutch,PIA,HARD,3.0,19,92.1588947368421,127.21466666666667,73.005,-54.20966666666668,-2.8531403508771938
dutch,RUS,MEDIUM,1.0,23,77.2366956521739,78.54966666666667,81.66733333333333,3.117666666666665,0.13555072463768109
dutch,RUS,HARD,2.0,30,80.76086666666667,113.26733333333334,81.67733333333335,-31.58999999999999,-1.0529999999999997
dutch,RUS,SOFT,3.0,19,90.32805263157896,115.79166666666667,73.96733333333334,-41.82433333333333,-2.201280701754386
dutch,SAI,MEDIUM,1.0,23,77.8271739130435,79.28,83.447,4.167000000000002,0.18117391304347832
dutch,SAI,SOFT,3.0,24,78.17212500000001,90.069,77.48533333333333,-12.583666666666673,-0.5243194444444447
dutch,SAI,SOFT,4.0,14,85.23321428571428,107.24066666666666,83.10966666666667,-24.130999999999986,-1.7236428571428561
dutch,SAI,SOFT,5.0,7,88.15728571428572,104.69800000000002,75.21833333333335,-29.479666666666674,-4.211380952380954
dutch,STR,MEDIUM,1.0,8,78.887375,81.14366666666666,77.92566666666667,-3.2179999999999893,-0.40224999999999866
dutch,STR,HARD,2.0,44,79.53806818181819,80.83333333333333,77.90533333333333,-2.9279999999999973,-0.06654545454545448
dutch,STR,HARD,3.0,20,89.4286,103.21233333333333,74.25333333333333,-28.959000000000003,-1.44795
dutch,TSU,SOFT,1.0,19,77.51831578947368,79.66933333333333,78.02866666666667,-1.640666666666661,-0.08635087719298215
dutch,TSU,HARD,2.0,34,81.24797058823529,81.366,85.80866666666668,4.442666666666682,0.13066666666666713
dutch,TSU,SOFT,3.0,19,88.85089473684211,106.87566666666665,74.76299999999999,-32.112666666666655,-1.6901403508771924
dutch,VER,SOFT,1.0,23,76.94130434782608,77.34100000000001,81.34433333333332,4.003333333333316,0.174057971014492
dutch,VER,MEDIUM,2.0,30,80.21233333333332,115.28466666666668,79.07266666666668,-36.212,-1.2070666666666667
dutch,VER,SOFT,3.0,19,91.32105263157895,122.66766666666666,73.10566666666666,-49.562,-2.6085263157894736
emilia_romagna,ALB,MEDIUM,1.0,29,82.94093103448276,83.83333333333333,89.19099999999999,5.35766666666666,0.18474712643678137
emilia_romagna,ALB,HARD,2.0,18,87.36127777777779,100.16333333333334,101.18833333333333,1.0249999999999915,0.05694444444444397
emilia_romagna,ALB,HARD,3.0,16,95.834625,121.22033333333331,79.72699999999999,-41.493333333333325,-2.593333333333333
emilia_romagna,ALO,MEDIUM,1.0,12,82.79175,83.37299999999999,84.33999999999999,0.9669999999999987,0.08058333333333323
emilia_romagna,ALO,HARD,2.0,34,86.01097058823531,89.90466666666667,96.22766666666666,6.322999999999993,0.18597058823529392
emilia_romagna,ALO,MEDIUM,3.0,17,94.26911764705883,103.281,80.24433333333333,-23.036666666666676,-1.3550980392156868
emilia_romagna,ANT,HARD,1.0,29,83.36610344827585,84.87166666666667,90.41699999999999,5.545333333333318,0.19121839080459715
emilia_romagna,ANT,MEDIUM,2.0,15,84.80846666666667,99.67066666666666,80.82466666666666,-18.846000000000004,-1.2564000000000002
emilia_romagna,BEA,HARD,1.0,29,83.80265517241378,86.502,90.87366666666667,4.37166666666667,0.1507471264367817
emilia_romagna,BEA,HARD,3.0,32,89.82634375,96.87833333333334,80.682,-16.196333333333342,-0.506135416666667
emilia_romagna,BOR,MEDIUM,1.0,12,83.37433333333334,85.35733333333333,84.34866666666666,-1.0086666666666702,-0.08405555555555584
emilia_romagna,BOR,HARD,2.0,17,85.69811764705884,90.08366666666666,93.98666666666666,3.903000000000006,0.22958823529411798
emilia_romagna,BOR,HARD,3.0,17,86.74305882352941,96.13799999999999,97.09966666666666,0.9616666666666731,0.05656862745098077
emilia_romagna,BOR,MEDIUM,4.0,17,94.10464705882353,100.63033333333334,81.19833333333332,-19.432000000000016,-1.1430588235294128
emilia_romagna,COL,MEDIUM,1.0,22,83.27440909090909,86.19866666666667,84.60966666666667,-1.5889999999999986,-0.07222727272727267
emilia_romagna,COL,HARD,2.0,24,87.332625,89.168,97.51100000000001,8.343000000000004,0.34762500000000013
emilia_romagna,COL,HARD,3.0,17,94.03470588235295,101.378,80.79533333333333,-20.582666666666668,-1.2107450980392158
emilia_romagna,GAS,MEDIUM,1.0,9,83.61933333333333,85.59100000000001,83.59566666666667,-1.9953333333333347,-0.22170370370370385
emilia_romagna,GAS,HARD,2.0,20,84.933,89.32333333333334,93.25233333333334,3.929000000000002,0.1964500000000001
emilia_romagna,GAS,HARD,3.0,34,90.39379411764705,96.75066666666667,80.76333333333334,-15.98733333333334,-0.47021568627451
emilia_romagna,HAD,MEDIUM,1.0,29,83.34241379310346,84.65133333333334,90.65466666666667,6.00333333333333,0.20701149425287346
emilia_romagna,HAD,HARD,2.0,17,86.22552941176471,99.49166666666667,92.13833333333332,-7.353333333333353,-0.4325490196078443
emilia_romagna,HAD,HARD,3.0,17,96.11888235294118,111.68400000000001,80.10866666666666,-31.575333333333347,-1.8573725490196087
emilia_romagna,HAM,HARD,1.0,29,83.38310344827585,85.041,90.09933333333333,5.058333333333337,0.17442528735632196
emilia_romagna,HAM,MEDIUM,2.0,17,85.55635294117647,99.84566666666667,90.45166666666667,-9.394000000000005,-0.5525882352941179
emilia_romagna,HAM,HARD,3.0,17,96.17570588235293,113.96233333333333,78.78633333333333,-35.176,-2.0691764705882356
emilia_romagna,HUL,HARD,1.0,29,83.73137931034483,85.96166666666666,91.28000000000002,5.3183333333333564,0.18339080459770193
emilia_romagna,HUL,MEDIUM,2.0,34,91.03779411764705,98.812,80.74666666666667,-18.065333333333328,-0.5313333333333332
emilia_romagna,LAW,MEDIUM,1.0,10,83.56389999999999,85.77066666666667,83.47933333333333,-2.291333333333341,-0.22913333333333413
emilia_romagna,LAW,HARD,2.0,19,85.21231578947366,89.46666666666665,93.87566666666667,4.40900000000002,0.23205263157894843
emilia_romagna,LAW,HARD,3.0,34,90.32461764705882,96.16033333333333,80.83233333333334,-15.327999999999989,-0.4508235294117644
emilia_romagna,LEC,MEDIUM,1.0,10,83.0232,84.347,83.42466666666667,-0.9223333333333272,-0.09223333333333272
emilia_romagna,LEC,HARD,2.0,19,83.84810526315789,88.02533333333334,89.52633333333334,1.5010000000000048,0.07900000000000025
emilia_romagna,LEC,HARD,3.0,34,90.90079411764707,99.38066666666667,81.064,-18.316666666666677,-0.5387254901960787
emilia_romagna,NOR,MEDIUM,1.0,28,81.82671428571429,83.029,82.99133333333333,-0.037666666666666515,-0.0013452380952380899
emilia_romagna,NOR,HARD,2.0,18,86.01338888888888,109.39133333333332,87.72666666666667,-21.664666666666648,-1.2035925925925914
emilia_romagna,NOR,HARD,3.0,17,97.64229411764707,123.52266666666667,78.62,-44.90266666666666,-2.641333333333333
emilia_romagna,OCO,HARD,2.0,26,83.30146153846152,89.10766666666666,82.56666666666666,-6.540999999999997,-0.251576923076923
emilia_romagna,PIA,MEDIUM,1.0,13,81.97961538461537,82.304,83.20866666666666,0.9046666666666567,0.06958974358974282
emilia_romagna,PIA,HARD,2.0,17,85.93476470588234,88.98766666666666,99.63066666666667,10.643000000000015,0.6260588235294127
emilia_romagna,PIA,HARD,3.0,33,90.28875757575757,88.62033333333333,79.54,-9.080333333333328,-0.275161616161616
emilia_romagna,RUS,MEDIUM,1.0,11,82.83281818181818,82.72733333333333,84.955,2.2276666666666642,0.2025151515151513
emilia_romagna,RUS,HARD,2.0,18,84.4165,88.81633333333332,90.56466666666665,1.7483333333333348,0.09712962962962972
emilia_romagna,RUS,HARD,3.0,34,90.72279411764706,98.10766666666666,80.26133333333333,-17.846333333333334,-0.5248921568627452
emilia_romagna,SAI,MEDIUM,1.0,11,82.94554545454547,83.59633333333333,84.36533333333334,0.7690000000000055,0.0699090909090914
emilia_romagna,SAI,HARD,2.0,18,84.74572222222223,89.09366666666665,91.87433333333333,2.7806666666666757,0.154481481481482
emilia_romagna,SAI,HARD,3.0,34,90.5374411764706,97.59866666666669,80.20133333333334,-17.39733333333335,-0.5116862745098044
emilia_romagna,STR,MEDIUM,1.0,14,82.91807142857144,84.028,84.01166666666667,-0.01633333333333553,-0.0011666666666668238
emilia_romagna,STR,HARD,2.0,32,86.265125,89.62466666666667,96.507,6.882333333333335,0.21507291666666672
emilia_romagna,STR,MEDIUM,3.0,17,94.40323529411765,102.80366666666664,80.82266666666665,-21.980999999999995,-1.2929999999999997
emilia_romagna,TSU,HARD,1.0,29,84.044,86.68133333333333,91.98066666666666,5.299333333333337,0.18273563218390818
emilia_romagna,TSU,MEDIUM,2.0,34,90.65791176470587,98.09500000000001,80.263,-17.832000000000008,-0.5244705882352944
emilia_romagna,VER,MEDIUM,1.0,29,81.70679310344828,81.79366666666665,85.20766666666667,3.4140000000000157,0.11772413793103502
emilia_romagna,VER,HARD,2.0,17,84.90547058823529,103.38466666666666,84.978,-18.406666666666666,-1.0827450980392157
emilia_romagna,VER,HARD,3.0,17,98.84170588235294,130.995,78.52833333333332,-52.46666666666668,-3.0862745098039226
hungarian,ALB,SOFT,1.0,14,84.90957142857143,88.37366666666667,84.54166666666667,-3.8319999999999936,-0.27371428571428524
hungarian,ALB,MEDIUM,2.0,24,83.77595833333334,88.09266666666667,84.22966666666666,-3.8630000000000138,-0.1609583333333339
hungarian,ALB,HARD,3.0,31,82.58016129032256,87.99766666666666,81.13833333333334,-6.859333333333325,-0.2212688172043008
hungarian,ALO,MEDIUM,1.0,39,83.30502564102565,86.224,84.37366666666667,-1.8503333333333387,-0.04744444444444458
hungarian,ALO,HARD,2.0,31,81.65725806451613,88.98133333333334,80.604,-8.37733333333334,-0.27023655913978517
hungarian,ANT,MEDIUM,1.0,21,84.37033333333333,87.87933333333335,84.54899999999999,-3.330333333333357,-0.15858730158730272
hungarian,ANT,HARD,2.0,48,82.43964583333333,88.76833333333333,82.03466666666667,-6.7336666666666645,-0.14028472222222219
hungarian,BEA,MEDIUM,1.0,30,84.18773333333336,87.29866666666668,84.777,-2.5216666666666754,-0.08405555555555584
hungarian,BEA,HARD,2.0,18,84.1176111111111,88.44166666666666,86.04233333333332,-2.3993333333333453,-0.13329629629629697
hungarian,BOR,MEDIUM,1.0,40,83.42525,86.43,83.654,-2.7760000000000105,-0.06940000000000027
hungarian,BOR,HARD,2.0,30,81.67966666666666,87.52033333333334,81.318,-6.202333333333343,-0.20674444444444476
hungarian,COL,MEDIUM,1.0,13,85.11523076923078,88.70833333333333,84.367,-4.341333333333324,-0.3339487179487172
hungarian,COL,HARD,2.0,22,83.89068181818182,91.15733333333333,84.204,-6.953333333333333,-0.31606060606060604
hungarian,COL,HARD,3.0,34,82.8384705882353,90.63233333333334,82.74233333333333,-7.890000000000001,-0.2320588235294118
hungarian,GAS,HARD,1.0,32,84.2875,88.94,84.66533333333332,-4.2746666666666755,-0.1335833333333336
hungarian,GAS,MEDIUM,2.0,37,82.98310810810811,87.91600000000001,82.88799999999999,-5.02800000000002,-0.13589189189189244
hungarian,HAD,MEDIUM,1.0,33,84.1491212121212,87.48866666666667,84.01266666666668,-3.475999999999999,-0.1053333333333333
hungarian,HAD,HARD,2.0,36,82.02249999999998,87.56766666666665,82.10766666666667,-5.4599999999999795,-0.1516666666666661
hungarian,HAM,HARD,1.0,42,83.83916666666667,88.07333333333332,84.01666666666667,-4.056666666666658,-0.09658730158730137
hungarian,HAM,MEDIUM,2.0,27,81.84618518518519,87.85266666666666,82.335,-5.5176666666666705,-0.20435802469135816
hungarian,HUL,MEDIUM,2.0,36,83.52050000000003,88.05933333333333,84.113,-3.946333333333328,-0.10962037037037023
hungarian,HUL,MEDIUM,3.0,28,82.48346428571429,90.12,80.62666666666667,-9.49333333333334,-0.33904761904761926
hungarian,LAW,MEDIUM,1.0,40,83.57245,87.11566666666666,83.55866666666667,-3.556999999999988,-0.0889249999999997
hungarian,LAW,HARD,2.0,30,81.5928,88.01799999999999,81.128,-6.889999999999986,-0.2296666666666662
hungarian,LEC,MEDIUM,1.0,19,82.55847368421053,84.23933333333333,83.02933333333334,-1.2099999999999937,-0.06368421052631545
hungarian,LEC,HARD,2.0,21,82.29733333333331,87.19099999999999,82.44366666666666,-4.74733333333333,-0.2260634920634919
hungarian,LEC,HARD,3.0,30,82.06453333333333,86.407,82.86433333333333,-3.542666666666662,-0.11808888888888873
hungarian,NOR,MEDIUM,1.0,31,82.64229032258064,85.769,83.57766666666667,-2.1913333333333327,-0.07068817204301073
hungarian,NOR,HARD,2.0,39,81.00820512820512,87.37400000000001,80.53733333333334,-6.836666666666673,-0.17529914529914548
hungarian,OCO,MEDIUM,1.0,14,84.8577142857143,88.229,84.53533333333333,-3.6936666666666724,-0.26383333333333375
hungarian,OCO,HARD,2.0,55,83.24510909090907,88.762,82.80366666666667,-5.958333333333329,-0.10833333333333325
hungarian,PIA,MEDIUM,1.0,18,82.71772222222222,84.788,82.95400000000001,-1.833999999999989,-0.10188888888888828
hungarian,PIA,HARD,2.0,27,82.08822222222223,87.38100000000001,82.407,-4.974000000000018,-0.1842222222222229
hungarian,PIA,HARD,3.0,25,80.66512,85.76066666666667,80.53533333333333,-5.225333333333339,-0.20901333333333355
hungarian,RUS,MEDIUM,1.0,19,82.89836842105262,85.23733333333334,83.11733333333333,-2.1200000000000045,-0.11157894736842129
hungarian,RUS,HARD,2.0,24,82.37633333333333,87.31099999999999,82.45633333333335,-4.854666666666645,-0.2022777777777769
hungarian,RUS,HARD,3.0,27,81.14985185185186,85.83033333333333,80.59166666666665,-5.238666666666674,-0.19402469135802497
hungarian,SAI,SOFT,1.0,15,84.61473333333333,87.69866666666667,84.41333333333333,-3.285333333333341,-0.21902222222222273
hungarian,SAI,HARD,2.0,36,83.4809722222222,87.94599999999998,83.58366666666667,-4.362333333333311,-0.1211759259259253
hungarian,SAI,MEDIUM,3.0,18,82.2233888888889,86.234,80.83033333333333,-5.403666666666666,-0.3002037037037037
hungarian,STR,MEDIUM,1.0,36,83.6755,86.90899999999999,84.54199999999999,-2.3670000000000044,-0.06575000000000013
hungarian,STR,HARD,2.0,34,81.6790294117647,87.49533333333333,81.29933333333334,-6.195999999999998,-0.182235294117647
hungarian,TSU,MEDIUM,1.0,20,84.78275,89.10799999999999,85.17633333333333,-3.9316666666666578,-0.1965833333333329
hungarian,TSU,SOFT,2.0,17,83.7895294117647,87.86266666666667,83.87733333333333,-3.985333333333344,-0.23443137254902022
hungarian,TSU,HARD,3.0,32,82.75303124999999,87.96300000000001,82.85,-5.113000000000014,-0.15978125000000043
hungarian,VER,MEDIUM,1.0,17,84.0484705882353,86.68299999999999,83.94233333333334,-2.7406666666666553,-0.16121568627450913
hungarian,VER,HARD,2.0,31,82.92245161290325,87.628,82.63533333333334,-4.992666666666665,-0.16105376344086014
hungarian,VER,HARD,3.0,22,81.56618181818182,85.79399999999998,81.719,-4.074999999999989,-0.1852272727272722
italian,ALB,HARD,1.0,41,84.1710243902439,87.95033333333333,83.85833333333333,-4.091999999999999,-0.09980487804878045
italian,ALB,MEDIUM,2.0,12,83.65416666666665,88.93066666666668,81.75633333333333,-7.174333333333351,-0.5978611111111126
italian,ALO,MEDIUM,1.0,20,85.0529,86.99133333333333,85.599,-1.392333333333326,-0.0696166666666663
italian,ANT,MEDIUM,1.0,28,84.70399999999998,87.53333333333335,85.383,-2.15033333333335,-0.07679761904761964
italian,ANT,HARD,2.0,25,83.495,89.79433333333333,82.09433333333334,-7.699999999999989,-0.30799999999999955
italian,BEA,MEDIUM,1.0,18,85.345,87.66833333333334,86.03966666666668,-1.6286666666666605,-0.09048148148148114
italian,BEA,HARD,2.0,35,83.92580000000002,90.63833333333334,82.03566666666667,-8.602666666666664,-0.24579047619047611
italian,BOR,MEDIUM,1.0,20,85.0354,86.77533333333332,85.74400000000001,-1.0313333333333077,-0.05156666666666539
italian,BOR,HARD,2.0,33,83.7000303030303,91.47966666666666,82.35933333333332,-9.120333333333335,-0.27637373737373744
italian,COL,MEDIUM,1.0,33,85.13763636363636,88.81433333333332,85.67133333333334,-3.1429999999999865,-0.09524242424242384
italian,COL,HARD,2.0,19,84.32794736842105,90.27566666666667,84.00633333333333,-6.269333333333336,-0.32996491228070185
italian,GAS,HARD,1.0,49,84.53224489795919,89.24833333333333,84.36533333333334,-4.882999999999996,-0.0996530612244897
italian,HAD,HARD,1.0,32,84.82012499999999,89.02566666666667,85.158,-3.867666666666665,-0.12086458333333328
italian,HAD,MEDIUM,2.0,21,83.52247619047618,89.41000000000001,82.32566666666666,-7.084333333333348,-0.337349206349207
italian,HAM,MEDIUM,1.0,38,84.02678947368422,87.15933333333334,84.34966666666666,-2.809666666666672,-0.0739385964912282
italian,HAM,HARD,2.0,15,83.2504,89.09233333333333,81.83533333333334,-7.256999999999991,-0.4837999999999994
italian,LAW,SOFT,1.0,9,86.44822222222223,88.24900000000001,86.133,-2.116000000000014,-0.23511111111111266
italian,LAW,HARD,2.0,44,84.2873181818182,91.08033333333333,83.19866666666667,-7.881666666666661,-0.17912878787878775
italian,LEC,MEDIUM,1.0,33,83.92036363636365,86.141,84.28366666666666,-1.8573333333333437,-0.0562828282828286
italian,LEC,HARD,2.0,20,83.02885,89.168,81.70266666666667,-7.465333333333334,-0.3732666666666667
italian,NOR,MEDIUM,1.0,46,83.29904347826087,84.99766666666667,84.152,-0.8456666666666734,-0.01838405797101464
italian,NOR,SOFT,2.0,7,84.53942857142856,89.05933333333333,81.15833333333335,-7.900999999999982,-1.1287142857142831
italian,OCO,HARD,1.0,51,84.23009803921568,88.07866666666666,84.634,-3.444666666666663,-0.06754248366013064
italian,PIA,MEDIUM,1.0,45,83.37822222222222,86.28933333333333,83.794,-2.4953333333333347,-0.055451851851851884
italian,PIA,SOFT,2.0,8,84.207,88.14333333333333,81.41133333333333,-6.731999999999999,-0.8414999999999999
italian,RUS,MEDIUM,1.0,27,84.33251851851853,86.52066666666667,85.241,-1.279666666666671,-0.04739506172839522
italian,RUS,HARD,2.0,26,83.08569230769231,89.72833333333334,82.09033333333333,-7.638000000000005,-0.29376923076923095
italian,SAI,MEDIUM,1.0,30,84.80019999999998,87.822,85.07799999999999,-2.744000000000014,-0.09146666666666713
italian,SAI,HARD,2.0,23,83.6864347826087,89.65733333333333,82.20933333333333,-7.447999999999993,-0.32382608695652143
italian,STR,HARD,1.0,49,84.32963265306122,88.502,84.72633333333333,-3.775666666666666,-0.07705442176870747
italian,TSU,MEDIUM,1.0,19,85.26315789473684,87.38433333333334,86.19333333333333,-1.1910000000000167,-0.06268421052631667
italian,TSU,HARD,2.0,34,84.26547058823529,91.03666666666668,82.94466666666666,-8.092000000000013,-0.23800000000000038
italian,VER,MEDIUM,1.0,37,83.29,85.17666666666666,84.26066666666667,-0.9159999999999968,-0.02475675675675667
italian,VER,HARD,2.0,16,82.6621875,88.45866666666666,81.284,-7.174666666666653,-0.4484166666666658
japanese,ALB,MEDIUM,1.0,24,94.60425,96.91066666666666,94.93366666666668,-1.9769999999999754,-0.08237499999999898
japanese,ALB,HARD,2.0,29,92.99475862068967,100.89333333333332,91.19066666666667,-9.702666666666644,-0.3345747126436774
japanese,ALO,MEDIUM,1.0,24,94.98404166666667,97.49833333333333,95.47166666666668,-2.0266666666666566,-0.08444444444444403
japanese,ALO,HARD,2.0,29,93.26548275862069,100.82466666666666,92.02299999999998,-8.801666666666677,-0.30350574712643713
japanese,ANT,MEDIUM,1.0,31,93.8977419354839,95.873,93.82533333333333,-2.0476666666666716,-0.06605376344086038
japanese,ANT,HARD,2.0,22,92.492,99.471,91.269,-8.201999999999998,-0.3728181818181817
japanese,BEA,MEDIUM,1.0,23,94.877,97.08766666666668,95.61966666666667,-1.4680000000000035,-0.0638260869565219
japanese,BEA,HARD,2.0,30,93.31136666666667,100.355,92.226,-8.129000000000005,-0.27096666666666686
japanese,BOR,HARD,1.0,31,95.25729032258064,99.85199999999999,94.99766666666666,-4.854333333333329,-0.15659139784946224
japanese,BOR,MEDIUM,2.0,22,93.54109090909091,100.11266666666666,92.82433333333334,-7.288333333333313,-0.33128787878787785
japanese,DOO,SOFT,1.0,15,96.09300000000002,99.26766666666667,95.72633333333334,-3.541333333333327,-0.23608888888888846
japanese,DOO,HARD,2.0,38,93.86584210526317,100.657,92.95866666666666,-7.698333333333338,-0.20258771929824573
japanese,GAS,MEDIUM,1.0,24,95.11570833333333,97.74666666666667,95.80133333333333,-1.9453333333333376,-0.08105555555555573
japanese,GAS,HARD,2.0,29,93.32165517241381,102.09933333333333,92.31266666666666,-9.786666666666676,-0.33747126436781644
japanese,HAD,MEDIUM,1.0,25,94.41203999999999,96.28000000000002,94.51533333333333,-1.7646666666666846,-0.07058666666666738
japanese,HAD,HARD,2.0,28,92.99342857142857,100.66199999999999,91.425,-9.236999999999995,-0.32989285714285693
japanese,HAM,HARD,1.0,30,94.09703333333336,96.60266666666666,94.147,-2.4556666666666587,-0.08185555555555529
japanese,HAM,MEDIUM,2.0,23,92.75017391304347,98.58466666666668,91.557,-7.027666666666676,-0.30555072463768157
japanese,HUL,MEDIUM,1.0,22,95.4230909090909,98.80066666666666,95.16366666666666,-3.6370000000000005,-0.16531818181818184
japanese,HUL,HARD,2.0,31,93.85909677419356,101.38199999999999,92.91433333333335,-8.467666666666645,-0.2731505376344079
japanese,LAW,MEDIUM,1.0,33,95.01584848484848,98.34066666666666,95.79599999999999,-2.5446666666666715,-0.07711111111111126
japanese,LAW,SOFT,2.0,20,93.7097,99.94366666666667,92.99133333333333,-6.952333333333343,-0.34761666666666713
japanese,LEC,MEDIUM,1.0,21,94.03066666666666,95.207,94.19866666666667,-1.0083333333333258,-0.04801587301587266
japanese,LEC,HARD,2.0,32,92.763625,100.22833333333334,91.77633333333334,-8.451999999999998,-0.26412499999999994
japanese,NOR,MEDIUM,1.0,21,93.73547619047619,94.49900000000001,93.71366666666667,-0.785333333333341,-0.03739682539682576
japanese,NOR,HARD,2.0,32,92.49878125000001,100.07766666666667,91.32833333333333,-8.74933333333334,-0.27341666666666686
japanese,OCO,HARD,1.0,32,95.13346874999999,99.06433333333332,94.70833333333333,-4.3559999999999945,-0.13612499999999983
japanese,OCO,MEDIUM,2.0,21,93.62619047619047,100.194,92.95066666666666,-7.243333333333339,-0.3449206349206352
japanese,PIA,MEDIUM,1.0,20,93.90854999999999,94.86933333333333,94.15133333333334,-0.7179999999999893,-0.03589999999999947
japanese,PIA,HARD,2.0,33,92.45275757575759,99.96533333333332,91.12633333333332,-8.838999999999999,-0.2678484848484848
japanese,RUS,MEDIUM,1.0,19,94.205,95.46,94.51866666666668,-0.9413333333333185,-0.04954385964912202
japanese,RUS,HARD,2.0,34,92.77794117647058,100.09066666666666,91.47166666666665,-8.619000000000014,-0.2535000000000004
japanese,SAI,MEDIUM,1.0,33,95.082,98.59466666666667,95.09766666666667,-3.497,-0.10596969696969696
japanese,SAI,SOFT,2.0,20,93.1703,98.58,91.33833333333332,-7.241666666666674,-0.3620833333333337
japanese,STR,SOFT,1.0,9,96.98533333333334,99.53133333333334,96.13533333333332,-3.396000000000015,-0.377333333333335
japanese,STR,HARD,2.0,21,95.43133333333333,101.76799999999999,94.74133333333333,-7.026666666666657,-0.3346031746031741
japanese,STR,MEDIUM,3.0,22,93.77209090909092,99.39633333333335,92.13833333333334,-7.25800000000001,-0.3299090909090914
japanese,TSU,MEDIUM,1.0,23,95.15239130434783,97.99833333333333,95.67733333333332,-2.321000000000012,-0.1009130434782614
japanese,TSU,HARD,2.0,30,93.22930000000002,100.64733333333334,92.03333333333335,-8.61399999999999,-0.287133333333333
japanese,VER,MEDIUM,1.0,21,93.67219047619048,94.10233333333333,93.88066666666667,-0.22166666666666401,-0.01055555555555543
japanese,VER,HARD,2.0,32,92.49584375,99.68366666666667,91.258,-8.425666666666672,-0.2633020833333335
las_vegas,ALB,HARD,1.0,13,103.38553846153846,119.592,99.49099999999999,-20.101000000000013,-1.5462307692307702
las_vegas,ALB,HARD,3.0,20,98.51030000000002,112.37133333333333,97.29299999999999,-15.078333333333333,-0.7539166666666667
las_vegas,ALO,MEDIUM,1.0,16,103.32593750000001,118.45,106.22166666666668,-12.228333333333325,-0.7642708333333328
las_vegas,ALO,HARD,2.0,34,97.07417647058824,101.89566666666667,97.575,-4.320666666666668,-0.12707843137254904
las_vegas,ANT,HARD,2.0,48,97.0895,111.51833333333332,94.036,-17.482333333333315,-0.3642152777777774
las_vegas,BEA,MEDIUM,1.0,17,102.973,117.89366666666666,106.62633333333333,-11.267333333333326,-0.6627843137254897
las_vegas,BEA,HARD,2.0,33,96.61930303030303,102.39999999999999,95.35533333333335,-7.044666666666643,-0.21347474747474676
las_vegas,COL,HARD,1.0,25,101.91691999999999,120.31766666666665,99.30533333333334,-21.012333333333316,-0.8404933333333326
las_vegas,COL,MEDIUM,2.0,24,97.12354166666667,102.44433333333335,95.90766666666667,-6.536666666666676,-0.2723611111111115
las_vegas,GAS,HARD,2.0,48,98.25235416666668,111.73333333333333,95.88633333333333,-15.847000000000008,-0.3301458333333335
las_vegas,HAD,MEDIUM,1.0,20,101.77794999999999,116.35866666666668,98.96566666666668,-17.393,-0.86965
las_vegas,HAD,HARD,2.0,30,95.93756666666667,101.694,94.76766666666667,-6.926333333333332,-0.23087777777777774
las_vegas,HAM,HARD,1.0,29,100.19699999999999,119.29366666666665,97.56266666666666,-21.730999999999995,-0.7493448275862067
las_vegas,HAM,MEDIUM,2.0,21,96.28976190476189,102.61966666666666,94.71266666666666,-7.9069999999999965,-0.37652380952380937
las_vegas,HUL,HARD,1.0,30,100.05296666666666,118.63733333333334,97.83733333333333,-20.80000000000001,-0.6933333333333337
las_vegas,HUL,MEDIUM,2.0,20,95.89869999999999,101.26166666666666,94.81333333333333,-6.4483333333333235,-0.3224166666666662
las_vegas,LAW,HARD,2.0,26,99.99626923076924,112.402,98.925,-13.477000000000004,-0.518346153846154
las_vegas,LAW,HARD,3.0,21,96.5855238095238,102.03933333333333,95.65966666666667,-6.379666666666665,-0.3037936507936507
las_vegas,LEC,MEDIUM,1.0,24,100.69458333333334,118.10033333333335,98.50733333333334,-19.593000000000018,-0.8163750000000007
las_vegas,LEC,HARD,2.0,26,95.47834615384615,100.786,94.91633333333333,-5.869666666666674,-0.22575641025641055
las_vegas,NOR,MEDIUM,1.0,22,100.38318181818181,115.646,97.71366666666667,-17.932333333333332,-0.8151060606060606
las_vegas,NOR,HARD,2.0,28,95.74071428571429,101.16566666666667,97.541,-3.62466666666667,-0.12945238095238107
las_vegas,OCO,MEDIUM,1.0,27,100.784,119.016,98.70166666666667,-20.314333333333337,-0.7523827160493829
las_vegas,OCO,HARD,2.0,23,95.99547826086958,101.27766666666666,94.633,-6.644666666666666,-0.28889855072463766
las_vegas,PIA,MEDIUM,1.0,21,101.29514285714284,117.16166666666668,97.93833333333333,-19.223333333333343,-0.9153968253968259
las_vegas,PIA,HARD,2.0,29,95.4786551724138,101.11033333333334,94.43066666666668,-6.679666666666662,-0.2303333333333332
las_vegas,RUS,MEDIUM,1.0,17,101.59294117647059,114.94933333333334,105.03066666666666,-9.918666666666681,-0.5834509803921577
las_vegas,RUS,HARD,2.0,33,95.90590909090909,101.05066666666666,94.97366666666666,-6.076999999999998,-0.1841515151515151
las_vegas,SAI,MEDIUM,1.0,22,101.04568181818182,115.94066666666667,98.93066666666668,-17.00999999999999,-0.7731818181818177
las_vegas,SAI,HARD,2.0,28,95.72671428571428,102.00366666666666,94.99866666666667,-7.0049999999999955,-0.25017857142857125
las_vegas,TSU,HARD,2.0,26,100.93984615384615,120.79266666666668,98.59366666666666,-22.199000000000012,-0.8538076923076928
las_vegas,TSU,MEDIUM,3.0,23,96.22908695652173,100.94266666666665,95.04233333333333,-5.900333333333322,-0.25653623188405744
las_vegas,VER,MEDIUM,1.0,25,99.66804000000002,114.40599999999999,97.34966666666666,-17.056333333333328,-0.6822533333333332
las_vegas,VER,HARD,2.0,25,95.06911999999997,100.47266666666667,93.86,-6.612666666666669,-0.2645066666666668
mexico_city,ALB,HARD,1.0,41,84.4720243902439,89.02933333333334,84.58300000000001,-4.446333333333328,-0.10844715447154459
mexico_city,ALB,SOFT,2.0,29,83.36796551724137,87.36766666666666,91.21566666666666,3.847999999999999,0.13268965517241377
mexico_city,ALO,SOFT,1.0,20,84.80345,88.005,85.61533333333334,-2.389666666666656,-0.1194833333333328
mexico_city,ALO,MEDIUM,2.0,14,85.04528571428573,89.71733333333334,86.41333333333334,-3.304000000000002,-0.23600000000000015
mexico_city,ANT,SOFT,1.0,22,83.79227272727275,85.41066666666667,84.36433333333333,-1.0463333333333367,-0.04756060606060621
mexico_city,ANT,MEDIUM,2.0,25,83.41428,88.45733333333332,83.751,-4.706333333333319,-0.18825333333333277
mexico_city,ANT,SOFT,3.0,24,83.23433333333334,88.313,90.812,2.4989999999999952,0.1041249999999998
mexico_city,BEA,SOFT,1.0,24,83.59904166666666,85.16733333333333,84.292,-0.8753333333333302,-0.036472222222222093
mexico_city,BEA,MEDIUM,2.0,24,83.33391666666667,88.99899999999998,83.20299999999999,-5.795999999999992,-0.2414999999999997
mexico_city,BEA,SOFT,3.0,23,83.17991304347827,87.22800000000001,90.71400000000001,3.486000000000004,0.15156521739130452
mexico_city,BOR,MEDIUM,1.0,37,84.33340540540541,87.10266666666666,85.09666666666668,-2.005999999999986,-0.05421621621621584
mexico_city,BOR,SOFT,2.0,34,83.38532352941175,87.36366666666667,91.11033333333334,3.7466666666666697,0.11019607843137263
mexico_city,COL,HARD,1.0,48,84.84047916666667,90.099,85.12366666666667,-4.975333333333339,-0.10365277777777789
mexico_city,COL,SOFT,2.0,22,84.11850000000001,88.27499999999999,92.2,3.9250000000000114,0.17840909090909143
mexico_city,GAS,MEDIUM,1.0,33,85.13896969696971,88.74766666666669,85.932,-2.8156666666666865,-0.08532323232323293
mexico_city,GAS,SOFT,2.0,37,84.13697297297298,89.43400000000001,92.373,2.938999999999993,0.07943243243243224
mexico_city,HAD,MEDIUM,1.0,34,84.32950000000001,86.27133333333335,85.14033333333333,-1.1310000000000144,-0.03326470588235336
mexico_city,HAD,SOFT,2.0,36,83.83408333333333,88.11833333333334,91.90733333333333,3.7889999999999873,0.10524999999999965
mexico_city,HAM,SOFT,1.0,23,83.56508695652174,84.44866666666667,85.16433333333333,0.7156666666666638,0.03111594202898538
mexico_city,HAM,MEDIUM,2.0,24,83.77999999999999,92.50666666666666,83.783,-8.72366666666666,-0.3634861111111108
mexico_city,HAM,SOFT,3.0,24,83.42929166666666,87.495,91.13533333333334,3.6403333333333308,0.15168055555555546
mexico_city,HUL,SOFT,1.0,25,85.00535999999998,89.70100000000001,85.79566666666666,-3.9053333333333455,-0.15621333333333381
mexico_city,LEC,SOFT,1.0,31,83.27354838709678,84.123,85.04566666666666,0.9226666666666574,0.029763440860214756
mexico_city,LEC,MEDIUM,2.0,40,83.18545,88.96266666666666,91.45733333333334,2.4946666666666744,0.06236666666666686
mexico_city,NOR,SOFT,1.0,34,82.73102941176471,83.48966666666666,84.189,0.6993333333333283,0.020568627450980242
mexico_city,NOR,MEDIUM,2.0,37,82.85727027027028,88.53000000000002,91.27466666666668,2.74466666666666,0.07418018018018001
mexico_city,OCO,SOFT,1.0,27,84.22266666666665,86.027,85.06266666666667,-0.9643333333333288,-0.03571604938271588
mexico_city,OCO,MEDIUM,2.0,44,83.63695454545454,88.77600000000001,91.44933333333334,2.673333333333332,0.060757575757575726
mexico_city,PIA,SOFT,1.0,24,83.87941666666667,85.82033333333334,84.60533333333335,-1.2149999999999892,-0.05062499999999955
mexico_city,PIA,MEDIUM,2.0,23,83.32008695652175,88.61366666666667,83.74166666666666,-4.872000000000014,-0.21182608695652236
mexico_city,PIA,SOFT,3.0,24,82.96545833333333,87.55966666666666,90.754,3.194333333333347,0.13309722222222278
mexico_city,RUS,SOFT,1.0,25,83.7994,84.923,84.295,-0.6280000000000001,-0.025120000000000003
mexico_city,RUS,MEDIUM,2.0,23,83.20969565217392,87.92533333333334,83.30066666666667,-4.62466666666667,-0.20107246376811608
mexico_city,RUS,SOFT,3.0,23,83.48056521739132,86.74566666666668,90.903,4.157333333333327,0.18075362318840552
mexico_city,SAI,MEDIUM,1.0,17,84.76952941176471,86.603,85.13966666666666,-1.4633333333333383,-0.08607843137254931
mexico_city,SAI,SOFT,2.0,29,83.47024137931034,88.92866666666667,83.55766666666666,-5.371000000000009,-0.18520689655172445
mexico_city,SAI,SOFT,3.0,10,84.0826,89.58266666666667,82.46766666666667,-7.114999999999995,-0.7114999999999995
mexico_city,SAI,SOFT,4.0,11,82.87154545454545,86.14699999999999,81.79566666666666,-4.351333333333329,-0.3955757575757572
mexico_city,STR,SOFT,1.0,26,84.56276923076923,89.39666666666666,85.24666666666667,-4.1499999999999915,-0.1596153846153843
mexico_city,STR,MEDIUM,2.0,17,83.83511764705882,88.615,83.678,-4.936999999999998,-0.2904117647058822
mexico_city,STR,SOFT,3.0,27,83.76962962962962,88.2,90.77133333333332,2.571333333333314,0.09523456790123384
mexico_city,TSU,MEDIUM,1.0,36,84.14297222222223,85.69500000000001,85.66433333333333,-0.030666666666675724,-0.0008518518518521034
mexico_city,TSU,SOFT,2.0,35,83.67071428571428,91.51366666666667,91.16966666666667,-0.3439999999999941,-0.00982857142857126
mexico_city,VER,MEDIUM,1.0,37,83.63062162162161,84.64366666666666,85.08233333333332,0.43866666666666276,0.011855855855855751
mexico_city,VER,SOFT,2.0,34,82.80264705882354,87.86933333333333,91.35766666666667,3.488333333333344,0.10259803921568658
miami,ALB,MEDIUM,1.0,8,98.8655,98.20800000000001,91.26266666666668,-6.945333333333338,-0.8681666666666672
miami,ALB,HARD,2.0,25,92.0818,100.34466666666667,90.57799999999999,-9.76666666666668,-0.3906666666666672
miami,ALO,HARD,1.0,9,99.66155555555555,93.21266666666666,95.644,2.431333333333342,0.2701481481481491
miami,ALO,MEDIUM,2.0,24,93.13579166666666,98.63,92.30900000000001,-6.320999999999984,-0.2633749999999993
miami,ANT,MEDIUM,1.0,8,99.40375,98.73333333333333,92.15666666666665,-6.576666666666682,-0.8220833333333353
miami,ANT,HARD,2.0,25,92.30092,100.476,90.92166666666667,-9.554333333333332,-0.3821733333333333
miami,BOR,MEDIUM,1.0,19,97.08821052631579,114.38799999999999,95.29366666666665,-19.09433333333334,-1.004964912280702
miami,BOR,HARD,2.0,11,99.88936363636365,97.10000000000001,114.46033333333332,17.360333333333315,1.5782121212121196
miami,GAS,HARD,1.0,9,97.90366666666667,93.34766666666667,94.755,1.4073333333333267,0.15637037037036963
miami,GAS,MEDIUM,2.0,25,92.92772,101.96766666666667,91.98899999999999,-9.978666666666683,-0.3991466666666673
miami,HAD,MEDIUM,1.0,22,96.40977272727272,114.21533333333332,94.98,-19.235333333333315,-0.8743333333333325
miami,HAD,HARD,2.0,35,93.86211428571428,96.47766666666666,91.259,-5.218666666666664,-0.14910476190476182
miami,HAM,HARD,1.0,9,97.61655555555555,92.60433333333333,90.99333333333334,-1.61099999999999,-0.17899999999999888
miami,HAM,MEDIUM,2.0,25,92.24036,100.55166666666668,91.32733333333333,-9.224333333333348,-0.36897333333333393
miami,HUL,HARD,1.0,13,98.33123076923077,92.815,94.224,1.409000000000006,0.10838461538461584
miami,HUL,MEDIUM,2.0,20,92.03549999999998,95.791,91.90333333333335,-3.8876666666666466,-0.19438333333333233
miami,LAW,HARD,1.0,8,99.729125,94.181,100.92566666666666,6.74466666666666,0.8430833333333325
miami,LEC,MEDIUM,1.0,8,99.113,92.53933333333333,97.29333333333334,4.754000000000005,0.5942500000000006
miami,LEC,HARD,2.0,25,92.15508000000001,100.69833333333334,90.72500000000001,-9.97333333333333,-0.39893333333333314
miami,NOR,MEDIUM,1.0,8,97.26150000000001,91.44733333333333,96.69266666666665,5.2453333333333205,0.6556666666666651
miami,NOR,HARD,2.0,25,91.32440000000001,99.457,90.827,-8.629999999999995,-0.34519999999999984
miami,OCO,MEDIUM,1.0,23,96.2238260869565,113.58800000000001,95.802,-17.786,-0.773304347826087
miami,OCO,HARD,2.0,34,94.13073529411766,96.529,91.63799999999999,-4.891000000000005,-0.14385294117647074
miami,PIA,MEDIUM,1.0,8,97.413625,91.44366666666667,98.04733333333333,6.603666666666655,0.8254583333333319
miami,PIA,HARD,2.0,25,91.43611999999999,99.48366666666668,90.59366666666665,-8.890000000000029,-0.35560000000000114
miami,RUS,HARD,1.0,8,98.085375,92.17999999999999,95.79033333333332,3.6103333333333296,0.4512916666666662
miami,RUS,MEDIUM,2.0,25,91.956,100.115,90.93166666666667,-9.183333333333323,-0.3673333333333329
miami,SAI,MEDIUM,1.0,8,99.20150000000001,98.086,91.972,-6.114000000000004,-0.7642500000000005
miami,SAI,HARD,2.0,25,92.32436,101.37833333333333,91.07933333333334,-10.298999999999992,-0.4119599999999997
miami,STR,MEDIUM,1.0,20,97.11519999999999,114.84333333333332,95.17433333333334,-19.668999999999983,-0.9834499999999992
miami,STR,HARD,2.0,36,94.84569444444445,97.33966666666667,92.23633333333333,-5.103333333333339,-0.14175925925925942
miami,TSU,MEDIUM,1.0,8,99.578375,94.18066666666668,92.077,-2.1036666666666832,-0.2629583333333354
miami,TSU,HARD,2.0,25,92.37971999999999,100.46300000000001,91.13866666666667,-9.324333333333342,-0.3729733333333337
miami,VER,MEDIUM,1.0,8,98.87375,98.323,91.56833333333334,-6.754666666666651,-0.8443333333333314
miami,VER,HARD,2.0,25,91.9338,100.212,90.71999999999998,-9.492000000000019,-0.37968000000000074
monaco,ALB,MEDIUM,1.0,32,82.33953125,103.99233333333332,82.25066666666667,-21.741666666666646,-0.6794270833333327
monaco,ALB,MEDIUM,2.0,8,79.271875,79.61633333333334,80.996,1.379666666666651,0.17245833333333138
monaco,ALB,HARD,3.0,36,77.12977777777778,79.61833333333333,74.65766666666667,-4.960666666666654,-0.13779629629629594
monaco,ALO,HARD,1.0,16,85.286625,101.53833333333334,82.01866666666668,-19.519666666666666,-1.2199791666666666
monaco,ALO,HARD,2.0,20,77.1258,78.11633333333333,76.52366666666666,-1.5926666666666733,-0.07963333333333367
monaco,ANT,HARD,1.0,69,80.72789855072466,105.0,81.56366666666666,-23.436333333333337,-0.33965700483091793
monaco,BEA,HARD,2.0,16,83.6319375,101.03833333333334,85.89933333333333,-15.13900000000001,-0.9461875000000006
monaco,BEA,MEDIUM,3.0,59,78.14394915254238,77.08033333333334,76.12933333333332,-0.9510000000000218,-0.01611864406779698
monaco,BOR,HARD,2.0,25,81.52055999999999,100.90566666666666,83.80866666666667,-17.096999999999994,-0.6838799999999998
monaco,BOR,SOFT,3.0,9,79.81388888888888,77.14066666666666,84.59966666666666,7.459000000000003,0.8287777777777782
monaco,BOR,MEDIUM,4.0,41,78.05765853658536,76.15366666666667,76.793,0.6393333333333402,0.015593495934959517
monaco,COL,HARD,1.0,13,88.92369230769229,105.46133333333334,85.19833333333334,-20.263000000000005,-1.558692307692308
monaco,COL,MEDIUM,2.0,13,79.13176923076925,77.002,83.33800000000001,6.336000000000013,0.48738461538461636
monaco,COL,MEDIUM,3.0,50,78.12472,78.09533333333333,75.63966666666666,-2.455666666666673,-0.04911333333333346
monaco,GAS,MEDIUM,2.0,6,90.89766666666667,103.06866666666667,78.72666666666667,-24.342,-4.0569999999999995
monaco,HAD,MEDIUM,1.0,14,86.39757142857141,101.22433333333333,82.84533333333333,-18.379000000000005,-1.3127857142857147
monaco,HAD,HARD,3.0,58,77.35724137931034,77.22266666666665,76.66866666666667,-0.5539999999999878,-0.009551724137930824
monaco,HAM,HARD,1.0,18,84.16411111111113,103.35166666666667,80.92666666666666,-22.42500000000001,-1.245833333333334
monaco,HAM,HARD,2.0,38,76.20763157894737,76.28566666666667,82.14666666666666,5.86099999999999,0.1542368421052629
monaco,HAM,MEDIUM,3.0,22,76.10845454545455,78.83433333333333,76.83266666666667,-2.001666666666665,-0.09098484848484842
monaco,HUL,MEDIUM,1.0,12,89.55766666666666,104.43266666666666,85.88466666666666,-18.548000000000002,-1.5456666666666667
monaco,HUL,HARD,2.0,32,79.1058125,76.97933333333333,83.62366666666667,6.644333333333336,0.20763541666666674
monaco,HUL,SOFT,3.0,32,78.10340625,76.73333333333333,77.623,0.8896666666666704,0.02780208333333345
monaco,LAW,MEDIUM,1.0,31,82.47899999999998,103.77833333333335,82.29266666666666,-21.48566666666669,-0.693086021505377
monaco,LAW,SOFT,2.0,9,78.9161111111111,77.97033333333333,81.41033333333333,3.4399999999999977,0.38222222222222196
monaco,LAW,HARD,3.0,37,76.58094594594594,77.85233333333332,76.47166666666668,-1.3806666666666416,-0.03731531531531464
monaco,LEC,MEDIUM,1.0,22,82.03172727272728,99.35166666666667,81.00033333333333,-18.351333333333343,-0.8341515151515156
monaco,LEC,HARD,2.0,27,75.62948148148149,76.91233333333334,80.414,3.501666666666665,0.1296913580246913
monaco,LEC,MEDIUM,3.0,29,75.52689655172415,75.29633333333334,75.814,0.5176666666666563,0.01785057471264332
monaco,NOR,MEDIUM,1.0,19,82.91394736842105,98.99633333333333,80.73100000000001,-18.265333333333317,-0.9613333333333325
monaco,NOR,HARD,2.0,31,75.53309677419355,76.046,81.09266666666666,5.046666666666653,0.16279569892473073
monaco,NOR,HARD,3.0,28,75.60542857142858,76.37466666666667,74.92466666666667,-1.4500000000000028,-0.051785714285714386
monaco,OCO,MEDIUM,1.0,16,85.60775000000001,103.54666666666667,82.65666666666667,-20.89,-1.305625
monaco,OCO,MEDIUM,2.0,12,78.73833333333334,77.105,82.41233333333334,5.307333333333332,0.4422777777777777
monaco,OCO,HARD,3.0,49,77.25077551020408,76.90466666666667,76.68833333333333,-0.21633333333333837,-0.00441496598639466
monaco,PIA,MEDIUM,1.0,20,82.91220000000001,100.26100000000001,81.23433333333334,-19.02666666666667,-0.9513333333333336
monaco,PIA,HARD,2.0,28,75.78267857142858,76.54066666666667,79.99833333333333,3.457666666666668,0.1234880952380953
monaco,PIA,HARD,3.0,30,75.24473333333334,75.765,75.81733333333334,0.052333333333336896,0.0017444444444445631
monaco,RUS,HARD,1.0,53,81.07296226415095,104.74433333333333,80.017,-24.727333333333334,-0.46655345911949686
monaco,RUS,MEDIUM,2.0,15,78.34773333333332,78.572,79.49266666666666,0.9206666666666621,0.06137777777777747
monaco,RUS,HARD,3.0,8,74.4505,75.49166666666666,73.88933333333334,-1.6023333333333198,-0.20029166666666498
monaco,SAI,HARD,1.0,48,81.26425,104.13600000000001,81.49066666666667,-22.64533333333334,-0.4717777777777779
monaco,SAI,MEDIUM,3.0,23,76.242,76.89866666666667,74.67200000000001,-2.2266666666666595,-0.09681159420289824
monaco,STR,HARD,1.0,17,86.8334705882353,105.72566666666667,85.87266666666666,-19.85300000000001,-1.1678235294117651
monaco,STR,HARD,2.0,47,79.01991489361704,77.52566666666667,84.81099999999999,7.285333333333327,0.15500709219858141
monaco,STR,MEDIUM,3.0,12,76.17775,75.90233333333333,76.99000000000001,1.0876666666666779,0.09063888888888982
monaco,TSU,HARD,2.0,72,80.06875,103.50599999999999,80.95100000000001,-22.55499999999998,-0.31326388888888856
monaco,VER,HARD,1.0,28,80.85164285714283,100.71766666666667,81.754,-18.96366666666667,-0.6772738095238096
monaco,VER,MEDIUM,2.0,49,75.77140816326529,76.25933333333332,82.048,5.7886666666666855,0.1181360544217691
qatar,ALB,HARD,1.0,7,93.04714285714284,91.92166666666667,95.54966666666667,3.628,0.5182857142857143
qatar,ALB,MEDIUM,2.0,25,93.53144,135.57266666666666,88.57900000000001,-46.993666666666655,-1.8797466666666662
qatar,ALB,MEDIUM,3.0,25,86.22224,93.08200000000001,84.45899999999999,-8.623000000000019,-0.3449200000000008
qatar,ALO,MEDIUM,1.0,7,91.102,89.46,93.802,4.342000000000013,0.6202857142857161
qatar,ALO,MEDIUM,2.0,25,93.49312000000002,139.07766666666666,87.45299999999999,-51.62466666666667,-2.064986666666667
qatar,ALO,HARD,3.0,25,86.28976,93.95733333333334,84.91333333333334,-9.043999999999997,-0.36175999999999986
qatar,ANT,MEDIUM,1.0,7,90.37685714285713,88.80199999999998,92.91733333333333,4.1153333333333535,0.5879047619047648
qatar,ANT,MEDIUM,2.0,25,93.45460000000001,140.56233333333333,88.42933333333333,-52.132999999999996,-2.08532
qatar,ANT,HARD,3.0,25,85.50220000000002,92.944,85.69933333333334,-7.24466666666666,-0.2897866666666664
qatar,BEA,MEDIUM,1.0,7,92.39828571428572,91.05433333333333,95.01766666666667,3.9633333333333383,0.5661904761904769
qatar,BEA,MEDIUM,2.0,25,93.53532,136.65866666666668,88.31700000000001,-48.34166666666667,-1.9336666666666666
qatar,BEA,HARD,3.0,8,90.948375,98.496,87.02233333333334,-11.47366666666666,-1.4342083333333324
qatar,BOR,MEDIUM,1.0,7,93.37842857142857,92.318,95.94200000000001,3.6240000000000094,0.517714285714287
qatar,BOR,MEDIUM,2.0,25,93.60876,134.92233333333334,88.82099999999998,-46.10133333333336,-1.8440533333333342
qatar,BOR,SOFT,3.0,25,86.7674,93.11733333333332,85.87066666666668,-7.246666666666641,-0.28986666666666566
qatar,COL,HARD,1.0,7,93.53385714285714,92.617,96.04266666666666,3.4256666666666575,0.4893809523809511
qatar,COL,MEDIUM,2.0,25,93.61128000000001,134.802,88.65666666666668,-46.14533333333331,-1.8458133333333324
qatar,COL,MEDIUM,3.0,24,86.93770833333333,93.682,86.43633333333332,-7.245666666666679,-0.3019027777777783
qatar,GAS,MEDIUM,1.0,7,96.86499999999998,90.45066666666666,106.12333333333333,15.672666666666672,2.2389523809523815
qatar,GAS,HARD,2.0,25,92.89456,127.22566666666667,89.61366666666667,-37.611999999999995,-1.5044799999999998
qatar,GAS,MEDIUM,3.0,24,86.78179166666666,94.31033333333333,85.79433333333334,-8.515999999999991,-0.35483333333333295
qatar,HAD,MEDIUM,1.0,7,91.51085714285715,90.03233333333333,94.15633333333334,4.124000000000009,0.5891428571428585
qatar,HAD,MEDIUM,2.0,25,93.52087999999999,138.33833333333334,87.82800000000002,-50.51033333333332,-2.020413333333333
qatar,HAD,HARD,3.0,22,86.12722727272728,93.10966666666667,84.352,-8.757666666666665,-0.3980757575757575
qatar,HAM,SOFT,1.0,7,92.70485714285715,91.39233333333334,95.24766666666666,3.85533333333332,0.5507619047619029
qatar,HAM,MEDIUM,2.0,25,93.68268000000002,136.386,88.64866666666666,-47.73733333333334,-1.9094933333333335
qatar,HAM,MEDIUM,3.0,25,86.59880000000001,92.96366666666665,86.108,-6.85566666666665,-0.274226666666666
qatar,HUL,SOFT,1.0,6,89.41466666666666,90.58033333333333,88.24900000000001,-2.331333333333319,-0.38855555555555316
qatar,LAW,MEDIUM,1.0,7,92.59771428571428,91.23566666666666,95.27566666666667,4.040000000000006,0.5771428571428581
qatar,LAW,MEDIUM,2.0,25,93.54328,136.33266666666665,88.42466666666667,-47.90799999999999,-1.9163199999999996
qatar,LAW,HARD,3.0,25,86.06191999999999,93.26233333333334,84.27866666666667,-8.983666666666679,-0.35934666666666715
qatar,LEC,MEDIUM,1.0,7,92.10571428571428,90.903,94.58333333333333,3.680333333333323,0.5257619047619032
qatar,LEC,MEDIUM,2.0,25,93.56696,137.195,88.44566666666667,-48.749333333333325,-1.9499733333333331
qatar,LEC,HARD,3.0,25,86.04447999999998,93.02499999999999,84.767,-8.257999999999996,-0.33031999999999984
qatar,NOR,MEDIUM,1.0,25,93.79360000000001,88.47866666666665,87.33566666666667,-1.1429999999999865,-0.045719999999999456
qatar,NOR,MEDIUM,2.0,19,86.52352631578945,92.65266666666666,86.35533333333335,-6.297333333333313,-0.331438596491227
qatar,NOR,HARD,3.0,13,85.59761538461538,91.33,83.77966666666667,-7.550333333333327,-0.5807948717948713
qatar,OCO,MEDIUM,1.0,8,96.661,91.608,107.07100000000001,15.463000000000008,1.932875000000001
qatar,OCO,MEDIUM,3.0,25,89.46628000000001,101.21933333333334,88.48433333333332,-12.735000000000014,-0.5094000000000005
qatar,OCO,HARD,4.0,22,86.90059090909091,93.29366666666665,86.42999999999999,-6.86366666666666,-0.3119848484848482
qatar,PIA,MEDIUM,1.0,24,93.97662500000001,87.23166666666667,87.41333333333334,0.18166666666667197,0.007569444444444666
qatar,PIA,MEDIUM,2.0,18,86.42655555555557,92.60666666666667,86.21333333333332,-6.393333333333345,-0.3551851851851858
qatar,PIA,HARD,3.0,15,85.00793333333333,90.866,83.653,-7.212999999999994,-0.4808666666666663
qatar,RUS,MEDIUM,1.0,7,91.19585714285715,89.65166666666669,93.824,4.172333333333313,0.5960476190476162
qatar,RUS,MEDIUM,2.0,25,93.70232,139.24066666666667,88.01100000000001,-51.22966666666666,-2.0491866666666665
qatar,RUS,HARD,3.0,25,85.83643999999998,92.91533333333332,84.07333333333332,-8.841999999999999,-0.35367999999999994
qatar,SAI,MEDIUM,1.0,7,90.73314285714287,89.17466666666667,93.26800000000001,4.093333333333348,0.5847619047619068
qatar,SAI,MEDIUM,2.0,25,93.18863999999999,139.55233333333334,87.61633333333334,-51.93599999999999,-2.0774399999999997
qatar,SAI,HARD,3.0,25,85.44232,92.71833333333332,84.293,-8.425333333333313,-0.3370133333333325
qatar,STR,MEDIUM,1.0,7,93.45057142857142,92.18533333333335,96.24900000000001,4.063666666666663,0.580523809523809
qatar,STR,MEDIUM,2.0,17,96.47723529411765,134.859,89.25933333333334,-45.599666666666664,-2.6823333333333332
qatar,STR,MEDIUM,3.0,25,86.96172,93.42199999999998,86.83133333333332,-6.590666666666664,-0.26362666666666656
qatar,STR,SOFT,4.0,6,91.14883333333334,93.471,88.82666666666667,-4.644333333333336,-0.7740555555555559
qatar,TSU,MEDIUM,1.0,7,92.87542857142857,91.78266666666667,95.38066666666667,3.597999999999999,0.5139999999999999
qatar,TSU,MEDIUM,2.0,25,93.51988,135.79966666666667,88.46933333333334,-47.33033333333333,-1.8932133333333332
qatar,TSU,HARD,3.0,25,86.07544,93.21366666666667,84.23199999999999,-8.981666666666683,-0.35926666666666734
qatar,VER,MEDIUM,1.0,7,89.61442857142858,87.93333333333332,92.05900000000001,4.125666666666689,0.5893809523809556
qatar,VER,MEDIUM,2.0,25,92.76216000000001,141.94466666666665,86.71100000000001,-55.233666666666636,-2.2093466666666655
qatar,VER,HARD,3.0,25,85.27543999999997,92.16466666666668,84.592,-7.572666666666677,-0.3029066666666671
saudi_arabian,ALB,MEDIUM,1.0,20,97.66845,110.09433333333334,96.795,-13.299333333333337,-0.6649666666666668
saudi_arabian,ALB,HARD,2.0,28,94.68253571428569,100.971,93.71466666666667,-7.25633333333333,-0.2591547619047618
saudi_arabian,ALO,MEDIUM,1.0,17,98.45458823529412,110.83966666666667,96.557,-14.282666666666671,-0.8401568627450983
saudi_arabian,ALO,HARD,2.0,31,94.86329032258065,100.53466666666667,93.06933333333335,-7.465333333333319,-0.2408172043010748
saudi_arabian,ANT,MEDIUM,1.0,17,97.0364705882353,106.66600000000001,96.35166666666667,-10.314333333333337,-0.6067254901960787
saudi_arabian,ANT,HARD,2.0,31,94.0762258064516,99.73233333333333,92.55266666666667,-7.179666666666662,-0.23160215053763428
saudi_arabian,BEA,MEDIUM,1.0,16,99.1148125,112.82866666666666,96.91266666666667,-15.915999999999997,-0.9947499999999998
saudi_arabian,BEA,HARD,2.0,32,94.90065625,100.82,93.34166666666665,-7.478333333333339,-0.23369791666666684
saudi_arabian,BOR,HARD,2.0,46,96.00304347826088,97.22266666666667,97.05733333333332,-0.16533333333335065,-0.003594202898551101
saudi_arabian,DOO,HARD,2.0,29,96.3026551724138,96.91466666666668,96.91233333333334,-0.0023333333333397377,-8.045977011516337e-05
saudi_arabian,DOO,HARD,3.0,17,95.54364705882352,100.08766666666666,93.77533333333334,-6.312333333333328,-0.37131372549019576
saudi_arabian,HAD,HARD,1.0,32,96.64450000000001,111.42366666666665,95.40500000000002,-16.018666666666633,-0.5005833333333323
saudi_arabian,HAD,MEDIUM,2.0,16,94.7140625,99.11433333333333,93.66966666666667,-5.444666666666663,-0.34029166666666644
saudi_arabian,HAM,MEDIUM,1.0,21,96.92561904761904,107.99933333333333,96.18766666666666,-11.811666666666667,-0.5624603174603175
saudi_arabian,HAM,HARD,2.0,27,93.98633333333335,99.79333333333334,93.11500000000001,-6.6783333333333275,-0.24734567901234547
saudi_arabian,HUL,HARD,1.0,31,97.63887096774191,113.91000000000001,96.14033333333333,-17.76966666666668,-0.5732150537634413
saudi_arabian,HUL,MEDIUM,2.0,16,95.2011875,99.20299999999999,95.60333333333334,-3.59966666666665,-0.22497916666666562
saudi_arabian,LAW,MEDIUM,1.0,18,98.38022222222223,112.387,96.05866666666668,-16.32833333333332,-0.9071296296296288
saudi_arabian,LAW,HARD,2.0,30,94.67593333333335,100.54933333333334,93.46,-7.089333333333343,-0.23631111111111144
saudi_arabian,LEC,MEDIUM,1.0,27,95.49333333333333,106.04599999999999,94.305,-11.740999999999985,-0.4348518518518513
saudi_arabian,LEC,HARD,2.0,21,93.33052380952381,98.45533333333333,92.45899999999999,-5.9963333333333395,-0.2855396825396828
saudi_arabian,NOR,HARD,1.0,32,95.43784375,109.54066666666665,94.07233333333333,-15.46833333333332,-0.48338541666666623
saudi_arabian,NOR,MEDIUM,2.0,16,93.267,98.14299999999999,92.21966666666667,-5.923333333333318,-0.37020833333333236
saudi_arabian,OCO,HARD,2.0,47,95.68212765957448,97.019,97.231,0.21199999999998909,0.004510638297872108
saudi_arabian,PIA,MEDIUM,1.0,17,95.91888235294118,104.217,94.96300000000001,-9.25399999999999,-0.54435294117647
saudi_arabian,PIA,HARD,2.0,31,93.44729032258064,99.47500000000001,92.62766666666666,-6.847333333333353,-0.22088172043010815
saudi_arabian,RUS,MEDIUM,1.0,18,96.27499999999999,105.43900000000001,95.351,-10.088000000000008,-0.5604444444444449
saudi_arabian,RUS,HARD,2.0,30,94.12753333333333,99.23599999999999,93.859,-5.376999999999995,-0.1792333333333332
saudi_arabian,SAI,MEDIUM,1.0,19,97.4177894736842,108.66199999999999,96.217,-12.444999999999993,-0.6549999999999997
saudi_arabian,SAI,HARD,2.0,29,94.77634482758621,101.64,93.28633333333333,-8.353666666666669,-0.28805747126436787
saudi_arabian,STR,HARD,1.0,37,97.19435135135134,113.392,96.94566666666667,-16.446333333333328,-0.44449549549549533
saudi_arabian,STR,MEDIUM,2.0,10,95.3745,99.12766666666668,93.86533333333334,-5.262333333333345,-0.5262333333333344
saudi_arabian,VER,MEDIUM,1.0,19,95.51452631578948,103.58800000000001,94.81733333333334,-8.77066666666667,-0.46161403508771953
saudi_arabian,VER,HARD,2.0,29,93.599,101.121,92.47666666666667,-8.644333333333321,-0.29808045977011455
singapore,ALB,MEDIUM,1.0,42,99.53238095238096,106.435,101.767,-4.668000000000006,-0.1111428571428573
singapore,ALB,SOFT,2.0,19,98.28036842105263,103.17133333333334,95.77766666666666,-7.393666666666675,-0.38914035087719345
singapore,ALO,SOFT,1.0,27,99.10744444444445,103.50366666666666,100.74033333333334,-2.763333333333321,-0.10234567901234523
singapore,ALO,MEDIUM,2.0,35,97.91808571428572,106.266,96.128,-10.138000000000005,-0.289657142857143
singapore,ANT,MEDIUM,1.0,25,98.4504,102.83833333333332,98.83133333333332,-4.007000000000005,-0.1602800000000002
singapore,ANT,HARD,2.0,37,97.15643243243241,102.05066666666666,97.49133333333333,-4.559333333333328,-0.12322522522522507
singapore,BEA,MEDIUM,1.0,23,99.44465217391304,104.05933333333333,99.66333333333334,-4.395999999999987,-0.1911304347826081
singapore,BEA,HARD,2.0,39,98.17094871794873,102.995,96.39833333333333,-6.596666666666678,-0.16914529914529944
singapore,BOR,MEDIUM,1.0,13,100.93207692307693,105.12133333333334,100.71033333333332,-4.411000000000016,-0.33930769230769353
singapore,BOR,HARD,2.0,48,99.10422916666668,106.08033333333333,98.74933333333333,-7.331000000000003,-0.15272916666666672
singapore,COL,SOFT,1.0,14,100.54585714285714,104.71300000000001,100.77,-3.943000000000012,-0.281642857142858
singapore,COL,MEDIUM,2.0,47,99.09819148936168,103.01833333333333,99.553,-3.4653333333333336,-0.07373049645390072
singapore,GAS,MEDIUM,1.0,24,100.173,106.271,100.38466666666666,-5.88633333333334,-0.24526388888888917
singapore,GAS,HARD,2.0,27,99.41274074074073,102.76866666666668,102.80033333333334,0.03166666666666629,0.0011728395061728254
singapore,GAS,SOFT,3.0,10,98.1532,100.75666666666666,98.51933333333334,-2.237333333333325,-0.2237333333333325
singapore,HAD,SOFT,1.0,20,99.63969999999999,103.73433333333332,100.765,-2.9693333333333243,-0.14846666666666622
singapore,HAD,HARD,2.0,41,98.70507317073171,104.06066666666668,97.73700000000001,-6.323666666666668,-0.1542357723577236
singapore,HAM,MEDIUM,1.0,24,98.73645833333335,103.09066666666666,99.901,-3.1896666666666675,-0.13290277777777781
singapore,HAM,HARD,2.0,22,97.3255,102.64166666666667,97.87733333333334,-4.764333333333326,-0.21656060606060573
singapore,HAM,SOFT,3.0,16,99.486375,99.541,112.28233333333333,12.74133333333333,0.7963333333333331
singapore,HUL,MEDIUM,1.0,25,99.55224,104.19133333333333,100.05466666666666,-4.13666666666667,-0.16546666666666682
singapore,HUL,HARD,2.0,19,100.81836842105263,104.10666666666667,107.53766666666667,3.4309999999999974,0.18057894736842092
singapore,HUL,SOFT,3.0,17,98.06188235294117,105.029,99.18366666666667,-5.845333333333329,-0.34384313725490173
singapore,LAW,MEDIUM,1.0,48,99.32210416666668,104.48133333333334,102.33699999999999,-2.14433333333335,-0.044673611111111455
singapore,LAW,SOFT,2.0,13,98.61930769230769,105.02833333333332,95.85533333333335,-9.172999999999973,-0.7056153846153825
singapore,LEC,MEDIUM,1.0,21,98.67961904761907,102.56099999999999,99.51400000000001,-3.046999999999983,-0.14509523809523728
singapore,LEC,HARD,2.0,41,97.46563414634146,102.32466666666666,99.50633333333333,-2.818333333333328,-0.06873983739837386
singapore,NOR,MEDIUM,1.0,26,97.91473076923077,101.31933333333332,98.93900000000001,-2.3803333333333114,-0.09155128205128121
singapore,NOR,HARD,2.0,36,96.74027777777776,101.08866666666667,96.20133333333332,-4.887333333333345,-0.13575925925925958
singapore,OCO,MEDIUM,1.0,30,99.60353333333335,105.64566666666667,100.44200000000001,-5.203666666666663,-0.17345555555555545
singapore,OCO,HARD,2.0,31,99.39980645161289,102.95333333333333,98.70366666666666,-4.24966666666667,-0.13708602150537644
singapore,PIA,MEDIUM,1.0,27,98.04466666666667,102.07800000000002,98.79033333333332,-3.287666666666695,-0.12176543209876647
singapore,PIA,HARD,2.0,35,96.66591428571428,102.40899999999999,96.04466666666667,-6.36433333333332,-0.18183809523809485
singapore,RUS,MEDIUM,1.0,25,97.61088,100.363,99.17833333333333,-1.184666666666672,-0.04738666666666688
singapore,RUS,HARD,2.0,37,96.81337837837839,101.539,96.36433333333333,-5.174666666666667,-0.13985585585585586
singapore,SAI,MEDIUM,1.0,50,99.28952,106.08366666666666,100.99933333333335,-5.084333333333305,-0.10168666666666609
singapore,SAI,SOFT,2.0,11,97.14954545454545,101.71933333333334,95.33899999999998,-6.380333333333354,-0.5800303030303049
singapore,STR,SOFT,1.0,38,99.47592105263159,104.97566666666667,101.46433333333334,-3.511333333333326,-0.09240350877192963
singapore,STR,MEDIUM,2.0,23,98.55530434782608,103.80766666666666,95.968,-7.839666666666659,-0.3408550724637678
singapore,TSU,SOFT,1.0,13,101.15376923076923,105.855,101.03266666666667,-4.822333333333333,-0.3709487179487179
singapore,TSU,HARD,2.0,48,98.47160416666667,103.65566666666666,97.00699999999999,-6.648666666666671,-0.13851388888888896
singapore,VER,SOFT,1.0,19,98.23436842105264,101.02199999999999,99.32233333333333,-1.6996666666666584,-0.08945614035087676
singapore,VER,HARD,2.0,43,96.77544186046512,102.05066666666666,96.23633333333333,-5.814333333333323,-0.13521705426356564
spanish,ALB,SOFT,1.0,6,84.60333333333334,85.55733333333332,83.64933333333333,-1.907999999999987,-0.31799999999999784
spanish,ALB,SOFT,2.0,20,83.66544999999999,89.56366666666666,85.91733333333333,-3.646333333333331,-0.18231666666666654
spanish,ALO,SOFT,1.0,15,83.79926666666667,84.85733333333333,87.54733333333336,2.690000000000026,0.17933333333333507
spanish,ALO,MEDIUM,2.0,27,82.4278888888889,87.25533333333333,83.05,-4.2053333333333285,-0.1557530864197529
spanish,ALO,SOFT,3.0,12,83.28991666666668,85.741,85.919,0.17799999999999727,0.014833333333333107
spanish,ALO,SOFT,4.0,12,93.0765,127.16266666666667,78.56166666666667,-48.601,-4.050083333333333
spanish,ANT,SOFT,1.0,21,82.43252380952381,83.789,83.84833333333334,0.0593333333333419,0.002825396825397233
spanish,ANT,MEDIUM,2.0,28,81.53317857142858,87.28066666666666,81.75566666666667,-5.5249999999999915,-0.19732142857142826
spanish,BEA,SOFT,1.0,8,84.08375000000001,85.76933333333334,83.61366666666667,-2.1556666666666615,-0.2694583333333327
spanish,BEA,MEDIUM,2.0,27,82.85977777777778,86.58999999999999,83.609,-2.9809999999999945,-0.1104074074074072
spanish,BEA,MEDIUM,3.0,19,82.93615789473684,87.40533333333333,87.47233333333332,0.06699999999999307,0.003526315789473319
spanish,BEA,SOFT,4.0,12,93.23075,126.13966666666668,80.019,-46.12066666666668,-3.84338888888889
spanish,BOR,SOFT,1.0,19,83.58699999999999,85.04266666666666,85.08233333333334,0.039666666666676065,0.002087719298246109
spanish,BOR,MEDIUM,2.0,30,82.40146666666669,88.242,82.42200000000001,-5.819999999999993,-0.19399999999999978
spanish,BOR,SOFT,3.0,17,90.77494117647059,85.23833333333333,80.17333333333333,-5.064999999999998,-0.2979411764705881
spanish,COL,SOFT,1.0,14,83.93778571428571,86.45733333333332,84.498,-1.9593333333333192,-0.13995238095237994
spanish,COL,MEDIUM,2.0,25,83.7416,87.38166666666666,84.17266666666667,-3.208999999999989,-0.12835999999999956
spanish,COL,SOFT,3.0,15,83.6724,86.67433333333332,89.59366666666666,2.9193333333333413,0.19462222222222275
spanish,COL,SOFT,4.0,12,90.41674999999998,115.59866666666666,80.28566666666667,-35.31299999999999,-2.942749999999999
spanish,GAS,SOFT,1.0,10,82.96379999999999,84.24333333333333,83.38100000000001,-0.8623333333333107,-0.08623333333333108
spanish,GAS,SOFT,2.0,21,83.19171428571428,87.58466666666668,83.60933333333332,-3.975333333333353,-0.18930158730158825
spanish,GAS,MEDIUM,3.0,24,83.79333333333334,87.39266666666667,95.22699999999999,7.834333333333319,0.32643055555555495
spanish,GAS,SOFT,4.0,11,91.59572727272726,97.883,79.014,-18.869,-1.7153636363636364
spanish,HAD,SOFT,1.0,19,82.727,84.41366666666666,83.81366666666668,-0.5999999999999801,-0.031578947368420006
spanish,HAD,MEDIUM,2.0,29,81.77744827586208,87.09933333333333,82.387,-4.7123333333333335,-0.16249425287356323
spanish,HAD,SOFT,3.0,7,87.92399999999999,85.95566666666667,92.633,6.677333333333323,0.9539047619047604
spanish,HAD,SOFT,4.0,11,94.05181818181818,106.675,78.75766666666668,-27.917333333333318,-2.5379393939393924
spanish,HAM,SOFT,1.0,16,82.14375,82.49,83.30933333333333,0.8193333333333328,0.0512083333333333
spanish,HAM,MEDIUM,2.0,30,81.40113333333332,87.35866666666668,82.486,-4.8726666666666745,-0.1624222222222225
spanish,HAM,SOFT,3.0,9,84.06822222222222,85.57366666666667,88.06066666666668,2.487000000000009,0.2763333333333343
spanish,HAM,SOFT,4.0,11,98.17590909090909,121.74566666666665,79.20166666666667,-42.54399999999998,-3.867636363636362
spanish,HUL,SOFT,1.0,9,83.27622222222222,84.617,83.47633333333333,-1.1406666666666752,-0.12674074074074168
spanish,HUL,MEDIUM,2.0,36,82.30499999999999,87.38100000000001,83.12133333333334,-4.259666666666675,-0.1183240740740743
spanish,HUL,SOFT,3.0,11,87.12327272727273,86.92266666666667,98.67966666666666,11.75699999999999,1.068818181818181
spanish,HUL,SOFT,4.0,10,92.0201,111.07966666666665,78.389,-32.69066666666666,-3.269066666666666
spanish,LAW,SOFT,1.0,18,83.19066666666666,85.269,83.907,-1.362000000000009,-0.07566666666666716
spanish,LAW,MEDIUM,2.0,26,82.37176923076923,87.52466666666668,82.28533333333333,-5.239333333333349,-0.2015128205128211
spanish,LAW,SOFT,3.0,22,89.26404545454547,86.372,80.24966666666667,-6.12233333333333,-0.27828787878787864
spanish,LEC,SOFT,1.0,17,81.83747058823529,82.83500000000001,82.778,-0.05700000000000216,-0.003352941176470715
spanish,LEC,MEDIUM,2.0,23,81.31026086956524,86.84366666666666,82.49766666666667,-4.345999999999989,-0.18895652173912997
spanish,LEC,MEDIUM,3.0,15,82.36573333333334,85.82933333333334,87.14366666666666,1.3143333333333231,0.08762222222222155
spanish,LEC,SOFT,4.0,11,99.17918181818182,126.294,78.637,-47.657,-4.332454545454545
spanish,NOR,SOFT,1.0,21,81.29885714285714,82.084,82.76133333333333,0.6773333333333227,0.032253968253967744
spanish,NOR,MEDIUM,2.0,27,80.81259259259258,86.25733333333334,81.36933333333333,-4.888000000000005,-0.18103703703703722
spanish,NOR,SOFT,3.0,7,82.95842857142858,84.00633333333333,83.21866666666666,-0.7876666666666665,-0.1125238095238095
spanish,NOR,SOFT,4.0,11,100.9019090909091,134.31133333333335,77.29566666666666,-57.01566666666669,-5.183242424242426
spanish,OCO,SOFT,1.0,20,83.72509999999998,85.89299999999999,85.154,-0.7389999999999901,-0.036949999999999504
spanish,OCO,MEDIUM,2.0,23,82.59608695652175,87.109,82.81866666666666,-4.290333333333336,-0.1865362318840581
spanish,OCO,MEDIUM,3.0,23,88.49391304347827,85.68133333333333,81.27233333333332,-4.409000000000006,-0.1916956521739133
spanish,PIA,SOFT,1.0,22,81.04486363636363,80.98533333333334,82.61066666666666,1.625333333333316,0.07387878787878709
spanish,PIA,MEDIUM,2.0,27,80.71644444444445,86.17133333333334,80.73266666666666,-5.438666666666677,-0.20143209876543247
spanish,PIA,SOFT,3.0,6,83.68716666666667,85.10533333333332,82.269,-2.8363333333333145,-0.4727222222222191
spanish,PIA,SOFT,4.0,11,101.17463636363637,135.39833333333334,77.00633333333333,-58.39200000000001,-5.308363636363637
spanish,RUS,SOFT,1.0,20,82.2045,83.18866666666666,83.61933333333333,0.4306666666666672,0.02153333333333336
spanish,RUS,MEDIUM,2.0,21,81.37285714285714,85.29233333333333,81.99033333333334,-3.3019999999999925,-0.15723809523809487
spanish,RUS,SOFT,3.0,14,82.00814285714286,84.24366666666667,87.04266666666668,2.7990000000000066,0.1999285714285719
spanish,RUS,SOFT,4.0,11,98.88181818181819,125.22433333333333,78.37033333333333,-46.854,-4.259454545454545
spanish,SAI,SOFT,1.0,9,84.31833333333333,86.18833333333333,84.208,-1.9803333333333342,-0.22003703703703714
spanish,SAI,SOFT,2.0,25,83.06504,90.14533333333333,83.73166666666667,-6.413666666666657,-0.25654666666666626
spanish,SAI,MEDIUM,3.0,21,84.79247619047618,87.24366666666667,102.553,15.309333333333328,0.7290158730158728
spanish,SAI,SOFT,4.0,11,90.0500909090909,111.652,79.95533333333333,-31.696666666666673,-2.8815151515151523
spanish,TSU,MEDIUM,1.0,8,84.72025,86.70033333333333,84.27566666666667,-2.424666666666667,-0.30308333333333337
spanish,TSU,SOFT,2.0,16,83.1569375,86.50366666666666,83.58433333333333,-2.919333333333327,-0.18245833333333294
spanish,TSU,SOFT,3.0,20,82.35359999999999,86.40899999999999,83.915,-2.4939999999999856,-0.12469999999999928
spanish,TSU,SOFT,4.0,10,83.4303,85.47566666666667,86.66366666666666,1.1879999999999882,0.11879999999999882
spanish,TSU,SOFT,5.0,12,93.04574999999998,125.42699999999998,79.94233333333334,-45.48466666666664,-3.7903888888888866
spanish,VER,SOFT,1.0,13,81.54153846153848,81.43866666666666,82.932,1.4933333333333394,0.11487179487179534
spanish,VER,SOFT,2.0,16,81.38343750000001,85.42666666666666,81.92033333333335,-3.506333333333316,-0.21914583333333226
spanish,VER,MEDIUM,3.0,18,80.60955555555556,84.31666666666666,81.40866666666666,-2.9080000000000013,-0.16155555555555562
spanish,VER,SOFT,4.0,8,82.57975,83.68433333333333,84.05633333333334,0.3720000000000141,0.04650000000000176
spanish,VER,HARD,5.0,11,101.40145454545454,133.502,78.75433333333335,-54.74766666666666,-4.977060606060605
são_paulo,ALB,MEDIUM,1.0,35,81.80342857142855,102.87066666666668,78.07633333333332,-24.794333333333356,-0.7084095238095245
são_paulo,ALB,SOFT,2.0,20,75.72845,79.66333333333334,76.24766666666666,-3.415666666666681,-0.17078333333333404
são_paulo,ALB,MEDIUM,3.0,16,74.8806875,78.742,75.66833333333334,-3.073666666666668,-0.19210416666666674
são_paulo,ALO,HARD,1.0,28,83.39610714285712,102.557,77.47866666666667,-25.078333333333333,-0.8956547619047619
são_paulo,ALO,MEDIUM,2.0,18,76.164,80.87933333333332,76.63600000000001,-4.243333333333311,-0.2357407407407395
são_paulo,ALO,MEDIUM,3.0,25,74.85276,79.609,74.22933333333333,-5.379666666666665,-0.2151866666666666
são_paulo,ANT,SOFT,1.0,21,85.04852380952381,98.45533333333333,76.70766666666667,-21.74766666666666,-1.0356031746031742
são_paulo,ANT,MEDIUM,2.0,26,75.37996153846154,80.382,76.05766666666666,-4.3243333333333425,-0.16632051282051316
são_paulo,ANT,MEDIUM,3.0,24,74.42025,80.00166666666667,73.77466666666668,-6.22699999999999,-0.2594583333333329
são_paulo,BEA,SOFT,1.0,17,87.81299999999999,101.76933333333334,77.288,-24.48133333333334,-1.4400784313725494
são_paulo,BEA,MEDIUM,2.0,25,75.6256,79.93766666666666,75.64999999999999,-4.2876666666666665,-0.17150666666666667
são_paulo,BEA,MEDIUM,3.0,29,74.7505172413793,80.54866666666666,74.46066666666667,-6.087999999999994,-0.2099310344827584
são_paulo,COL,MEDIUM,1.0,29,83.21724137931035,104.90566666666666,77.442,-27.46366666666667,-0.9470229885057472
são_paulo,COL,SOFT,2.0,14,76.477,80.46966666666667,76.98266666666666,-3.487000000000009,-0.24907142857142922
são_paulo,COL,MEDIUM,3.0,28,74.83553571428571,80.28500000000001,74.641,-5.6440000000000055,-0.20157142857142876
são_paulo,GAS,SOFT,1.0,18,87.24444444444444,102.16466666666666,77.281,-24.883666666666656,-1.3824259259259253
são_paulo,GAS,MEDIUM,2.0,21,76.01633333333332,80.348,76.30133333333333,-4.046666666666667,-0.1926984126984127
são_paulo,GAS,MEDIUM,3.0,32,75.27396875,80.30566666666665,76.09666666666666,-4.208999999999989,-0.13153124999999966
são_paulo,HAD,SOFT,1.0,18,87.07816666666668,100.22233333333332,77.30533333333334,-22.916999999999987,-1.273166666666666
são_paulo,HAD,MEDIUM,2.0,19,76.23794736842105,81.18066666666668,76.45866666666667,-4.722000000000008,-0.24852631578947412
são_paulo,HAD,MEDIUM,3.0,34,75.25120588235295,80.25566666666667,75.96666666666667,-4.2890000000000015,-0.12614705882352945
são_paulo,HAM,HARD,2.0,12,88.33758333333333,106.36033333333334,77.425,-28.935333333333347,-2.4112777777777787
são_paulo,HAM,MEDIUM,3.0,18,76.73177777777778,80.53133333333334,77.175,-3.356333333333339,-0.18646296296296327
são_paulo,HUL,MEDIUM,1.0,36,81.54608333333334,104.01966666666668,76.69599999999998,-27.323666666666696,-0.7589907407407416
são_paulo,HUL,SOFT,2.0,35,75.40745714285714,79.767,76.22533333333332,-3.5416666666666714,-0.10119047619047633
são_paulo,LAW,SOFT,1.0,19,86.61952631578949,101.03800000000001,77.25266666666666,-23.785333333333355,-1.2518596491228082
são_paulo,LAW,MEDIUM,2.0,52,75.54744230769231,80.39433333333334,76.16733333333333,-4.227000000000004,-0.08128846153846161
são_paulo,NOR,MEDIUM,1.0,30,81.71906666666665,98.221,76.09733333333334,-22.123666666666665,-0.7374555555555555
são_paulo,NOR,SOFT,2.0,20,75.43315,80.432,75.576,-4.856000000000009,-0.24280000000000043
são_paulo,NOR,MEDIUM,3.0,21,74.3505238095238,79.87466666666667,73.43366666666667,-6.4410000000000025,-0.30671428571428583
são_paulo,OCO,HARD,1.0,8,102.237,105.81433333333332,95.42233333333336,-10.391999999999967,-1.298999999999996
são_paulo,OCO,MEDIUM,2.0,39,75.86705128205129,80.34566666666666,76.91566666666667,-3.4299999999999926,-0.08794871794871775
são_paulo,OCO,MEDIUM,3.0,24,74.98254166666666,79.94266666666667,76.18833333333333,-3.754333333333335,-0.15643055555555563
são_paulo,PIA,MEDIUM,1.0,38,80.5633947368421,99.16533333333335,77.109,-22.056333333333356,-0.5804298245614041
são_paulo,PIA,SOFT,2.0,13,76.23892307692307,83.64566666666667,75.22066666666667,-8.424999999999997,-0.6480769230769229
são_paulo,PIA,MEDIUM,3.0,20,74.2415,79.09433333333334,73.65333333333332,-5.441000000000017,-0.27205000000000085
são_paulo,RUS,MEDIUM,1.0,34,81.40499999999999,101.31466666666667,76.637,-24.677666666666667,-0.7258137254901961
são_paulo,RUS,SOFT,2.0,14,75.42221428571429,79.34466666666667,75.59066666666666,-3.754000000000005,-0.2681428571428575
são_paulo,RUS,MEDIUM,3.0,23,74.48617391304347,79.28066666666668,73.72566666666667,-5.555000000000007,-0.2415217391304351
são_paulo,SAI,SOFT,1.0,17,88.0224117647059,103.39466666666665,77.41466666666666,-25.97999999999999,-1.5282352941176465
são_paulo,SAI,MEDIUM,2.0,21,76.13695238095238,80.85933333333332,76.56333333333333,-4.295999999999992,-0.2045714285714282
são_paulo,SAI,MEDIUM,3.0,33,75.20481818181818,79.631,75.34133333333334,-4.289666666666662,-0.12998989898989885
são_paulo,STR,HARD,1.0,29,83.23558620689656,104.38133333333333,77.12366666666667,-27.257666666666665,-0.939919540229885
são_paulo,STR,MEDIUM,2.0,25,75.77668,80.75566666666667,77.14766666666667,-3.608000000000004,-0.14432000000000017
são_paulo,STR,MEDIUM,3.0,17,74.79964705882354,79.247,74.67399999999999,-4.5730000000000075,-0.26900000000000046
são_paulo,TSU,MEDIUM,2.0,22,83.00236363636365,108.86,77.54166666666667,-31.318333333333328,-1.4235606060606059
são_paulo,TSU,MEDIUM,3.0,23,76.46095652173912,84.07666666666667,76.27166666666666,-7.805000000000007,-0.3393478260869568
são_paulo,TSU,MEDIUM,4.0,24,75.04299999999999,83.02566666666667,74.27066666666667,-8.754999999999995,-0.36479166666666646
são_paulo,VER,HARD,1.0,7,102.43942857142858,105.53699999999999,97.94833333333334,-7.588666666666654,-1.0840952380952362
são_paulo,VER,MEDIUM,2.0,27,76.18992592592593,83.51266666666668,76.93966666666667,-6.5730000000000075,-0.2434444444444447
são_paulo,VER,MEDIUM,3.0,20,74.80664999999998,79.55,75.21133333333334,-4.338666666666654,-0.2169333333333327
são_paulo,VER,SOFT,4.0,17,74.23582352941176,78.44866666666667,73.67033333333335,-4.778333333333322,-0.28107843137254834
united_states,ALB,HARD,1.0,7,108.16914285714286,107.07366666666667,111.353,4.2793333333333266,0.6113333333333324
united_states,ALB,MEDIUM,2.0,29,102.03324137931037,113.04433333333334,100.86000000000001,-12.184333333333328,-0.4201494252873561
united_states,ALB,SOFT,3.0,20,100.20065000000001,105.319,98.81933333333332,-6.499666666666684,-0.3249833333333342
united_states,ALO,MEDIUM,1.0,30,103.35263333333334,103.90466666666667,101.61533333333334,-2.2893333333333317,-0.07631111111111105
united_states,ALO,SOFT,2.0,26,100.36857692307694,107.14299999999999,98.97733333333333,-8.165666666666652,-0.314064102564102
united_states,ANT,MEDIUM,1.0,31,103.59177419354837,102.36066666666666,100.93033333333334,-1.4303333333333228,-0.04613978494623622
united_states,ANT,SOFT,2.0,25,100.18248,106.51333333333332,99.08800000000001,-7.425333333333313,-0.2970133333333325
united_states,BEA,MEDIUM,1.0,30,102.97036666666666,103.38433333333334,101.3,-2.0843333333333476,-0.06947777777777825
united_states,BEA,SOFT,2.0,26,100.60661538461542,105.79,99.72333333333334,-6.066666666666663,-0.2333333333333332
united_states,BOR,SOFT,1.0,14,106.28321428571428,104.75933333333334,101.62599999999999,-3.133333333333354,-0.2238095238095253
united_states,BOR,MEDIUM,2.0,22,101.85754545454546,107.521,101.56633333333332,-5.954666666666682,-0.2706666666666674
united_states,BOR,SOFT,3.0,19,100.78352631578947,105.29533333333332,100.82,-4.4753333333333245,-0.23554385964912233
united_states,COL,MEDIUM,1.0,32,103.7868125,105.11633333333333,101.545,-3.571333333333328,-0.1116041666666665
united_states,COL,SOFT,2.0,23,100.92565217391302,106.76366666666667,100.61766666666666,-6.146000000000001,-0.26721739130434785
united_states,GAS,MEDIUM,1.0,27,103.99196296296297,104.57666666666667,101.77966666666667,-2.796999999999997,-0.10359259259259249
united_states,GAS,SOFT,2.0,28,101.37617857142855,107.30566666666665,102.05533333333334,-5.250333333333316,-0.18751190476190413
united_states,HAD,HARD,1.0,28,104.2265,106.10233333333333,101.56133333333332,-4.541000000000011,-0.1621785714285718
united_states,HAD,SOFT,2.0,28,100.52235714285715,106.46866666666666,99.00233333333334,-7.466333333333324,-0.26665476190476156
united_states,HAM,MEDIUM,1.0,31,102.3641612903226,101.43466666666667,100.77333333333333,-0.6613333333333458,-0.021333333333333735
united_states,HAM,SOFT,2.0,25,99.81631999999999,105.65566666666666,100.33800000000001,-5.317666666666653,-0.21270666666666613
united_states,HUL,MEDIUM,1.0,33,102.76657575757577,103.64433333333334,100.596,-3.048333333333332,-0.09237373737373733
united_states,HUL,SOFT,2.0,23,100.26578260869564,106.19666666666667,99.01366666666667,-7.183000000000007,-0.31230434782608724
united_states,LAW,MEDIUM,1.0,30,103.44430000000001,104.178,101.25133333333332,-2.9266666666666765,-0.09755555555555588
united_states,LAW,SOFT,2.0,26,100.3861923076923,106.592,99.24366666666667,-7.348333333333329,-0.28262820512820497
united_states,LEC,SOFT,1.0,22,103.165,100.98833333333334,101.367,0.3786666666666605,0.017212121212120932
united_states,LEC,MEDIUM,2.0,34,99.58541176470588,106.05133333333333,99.61200000000001,-6.439333333333323,-0.1893921568627448
united_states,NOR,MEDIUM,1.0,32,102.04246875,101.20333333333333,100.49066666666666,-0.7126666666666779,-0.022270833333333684
united_states,NOR,SOFT,2.0,24,99.28170833333336,105.031,98.48766666666667,-6.5433333333333366,-0.27263888888888904
united_states,OCO,HARD,1.0,24,104.58716666666668,105.59233333333333,101.65299999999998,-3.9393333333333516,-0.16413888888888964
united_states,OCO,MEDIUM,2.0,32,100.40975,106.63600000000001,100.01400000000001,-6.622,-0.2069375
united_states,PIA,MEDIUM,1.0,30,102.57993333333333,101.71266666666666,100.90666666666668,-0.8059999999999832,-0.026866666666666105
united_states,PIA,SOFT,2.0,26,99.70926923076922,106.08933333333333,98.74966666666667,-7.339666666666659,-0.2822948717948715
united_states,RUS,MEDIUM,1.0,33,102.46342424242424,102.005,100.95833333333333,-1.0466666666666669,-0.03171717171717172
united_states,RUS,SOFT,2.0,23,99.66626086956522,104.82633333333332,99.00833333333333,-5.817999999999998,-0.25295652173913036
united_states,STR,SOFT,1.0,28,103.77660714285712,105.39699999999999,101.59133333333334,-3.805666666666653,-0.13591666666666619
united_states,STR,MEDIUM,2.0,28,100.32835714285714,106.12933333333335,99.235,-6.89433333333335,-0.24622619047619107
united_states,TSU,MEDIUM,1.0,29,102.99686206896553,102.96,101.516,-1.4439999999999884,-0.049793103448275464
united_states,TSU,SOFT,2.0,27,100.22096296296296,106.35066666666667,98.84033333333333,-7.510333333333335,-0.27816049382716057
united_states,VER,MEDIUM,1.0,33,101.68775757575757,100.17399999999999,100.641,0.46700000000001296,0.014151515151515545
united_states,VER,SOFT,2.0,23,99.32456521739132,105.00966666666666,98.70566666666667,-6.303999999999988,-0.2740869565217386
